1,Cesaro,Risley,1977-05-12,M,Youspan,Product Management,74-5174634,crisley0@nps.gov
2,Henka,Allaker,1973-01-10,F,Twimbo,Accounting,90-5787545,hallaker1@yellowpages.com
3,Shalom,Lambertini,1997-03-25,M,Oyope,Product Management,11-5462507,slambertini2@zdnet.com
4,Eugenius,Dael,1977-04-30,M,Rhynyx,Services,15-5557166,edael3@usgs.gov
5,Lynea,Keyes,1977-04-13,F,Eare,Business Development,03-0154001,lkeyes4@infoseek.co.jp
6,Ajay,Kundt,1993-03-24,F,Voonyx,Business Development,32-1737270,akundt5@soundcloud.com
7,Erda,MacFadden,2001-06-22,F,Zooveo,Accounting,91-8390394,emacfadden6@go.com
8,Jolene,Seeley,1983-07-05,F,Agimba,Marketing,06-6198377,jseeley7@themeforest.net
9,Nady,Gallamore,1973-05-01,F,Vinte,Accounting,10-2806996,ngallamore8@goo.ne.jp
10,Rogerio,Mingame,1999-08-26,M,Devpoint,Accounting,57-5238556,rmingame9@webeden.co.uk
11,Buffy,Kerslake,1998-10-17,F,Meedoo,Accounting,91-4451590,bkerslakea@indiegogo.com
12,Cole,Game,1975-03-20,M,Viva,Engineering,40-9164469,cgameb@samsung.com
13,Weylin,Pheasey,2001-01-30,M,Thoughtworks,Business Development,94-7508613,wpheaseyc@earthlink.net
14,Brinn,Fort,1979-02-10,F,Oyoyo,Sales,39-2490015,bfortd@arstechnica.com
15,Elliot,Edwicker,2001-10-09,M,Tazz,Business Development,00-6064470,eedwickere@angelfire.com
16,Fayre,McGragh,1993-05-03,F,Eabox,Support,03-2442001,fmcgraghf@clickbank.net
17,Row,Goldstraw,1991-02-22,F,Dynava,Product Management,95-8745544,rgoldstrawg@usa.gov
18,Dwain,Burg,1997-08-29,M,Snaptags,Support,25-3286630,dburgh@gov.uk
19,Janeva,Tully,1970-12-14,F,Bubbletube,Training,35-9608745,jtullyi@tinypic.com
20,Brendon,Menghi,1986-01-31,M,Meejo,Legal,50-9811775,bmenghij@biblegateway.com
21,Egbert,Bryning,1974-02-08,M,Livetube,Services,22-9047512,ebryningk@webnode.com
22,Giavani,Westnage,1998-06-10,M,Voomm,Human Resources,69-1395562,gwestnagel@mayoclinic.com
23,Lynnea,Normabell,1974-04-16,F,Kimia,Training,99-8920750,lnormabellm@cargocollective.com
24,Antonia,Gianni,1981-03-22,F,Linktype,Support,77-9540286,agiannin@noaa.gov
25,Dannie,Waud,1999-06-15,F,Gabtype,Product Management,45-6828306,dwaudo@themeforest.net
26,Josi,Drew,1994-01-04,F,Kwideo,Engineering,09-9604510,jdrewp@sogou.com
27,Estella,Casina,1983-01-12,F,Thoughtblab,Training,22-4174928,ecasinaq@nifty.com
28,Durante,Ivett,1976-02-06,M,Skilith,Services,54-2970165,divettr@blogger.com
29,Joice,Bum,1991-05-21,F,Devify,Business Development,46-6143118,jbums@hao123.com
30,Ludvig,Aymerich,1994-02-21,M,Meejo,Product Management,88-2273188,laymericht@archive.org
31,Giff,McKern,1971-07-10,M,Avamba,Sales,79-5546122,gmckernu@census.gov
32,Jacklyn,Jefferys,1999-03-14,F,Shuffletag,Legal,20-9443325,jjefferysv@google.ca
33,Elliot,Drain,1979-08-26,M,Kazio,Services,70-4959541,edrainw@nytimes.com
34,Eustacia,Koenen,1975-02-09,F,Twitterlist,Accounting,81-2504227,ekoenenx@techcrunch.com
35,Vallie,Dmtrovic,1984-04-25,F,Twitterbeat,Training,17-7233696,vdmtrovicy@aboutads.info
36,Odella,Syde,1971-07-22,F,Feedfire,Product Management,31-0823318,osydez@ucoz.com
37,Lezlie,Sprowson,1985-12-16,F,Browseblab,Product Management,66-8970741,lsprowson10@sphinn.com
38,Sarge,Saffin,1972-05-22,M,Brainverse,Marketing,66-7819765,ssaffin11@usgs.gov
39,Corney,Morby,1973-03-05,M,Shufflebeat,Training,50-2958144,cmorby12@wikispaces.com
40,Karlee,Randall,1983-09-07,F,Roombo,Sales,98-4258727,krandall13@jigsy.com
41,Wyndham,Radish,1994-06-08,M,Gabspot,Engineering,60-6228339,wradish14@cbslocal.com
42,Yehudit,Chattoe,2001-06-16,M,Topiczoom,Sales,12-3235313,ychattoe15@prnewswire.com
43,Godfree,Meadway,1970-01-12,M,Shufflester,Legal,09-6435532,gmeadway16@bloglovin.com
44,Feliza,Vile,1979-06-24,F,Devcast,Business Development,61-2929708,fvile17@studiopress.com
45,Vivie,Syme,1977-05-06,F,Yabox,Services,69-7817635,vsyme18@nydailynews.com
46,Rudie,Sager,1992-12-01,M,Realbuzz,Human Resources,07-2382308,rsager19@booking.com
47,Nancee,Morgan,1988-11-26,F,Voomm,Product Management,08-9450339,nmorgan1a@moonfruit.com
48,Rafaela,Wharram,2000-04-10,F,Meembee,Human Resources,97-0778568,rwharram1b@alibaba.com
49,Lindsey,Annatt,1984-04-02,M,Quimm,Support,87-0112683,lannatt1c@slideshare.net
50,Renate,Calken,1993-12-08,F,Einti,Marketing,68-2439210,rcalken1d@deviantart.com
51,Kelsi,Stebbings,1976-08-09,F,Dabjam,Accounting,98-3490163,kstebbings1e@xinhuanet.com
52,Kameko,Lally,1990-11-15,F,Dabtype,Product Management,53-1531698,klally1f@cyberchimps.com
53,Thomas,Rogerot,1994-12-29,M,Realbuzz,Legal,01-2733816,trogerot1g@elegantthemes.com
54,Rickey,Reskelly,1977-09-21,M,Flashdog,Training,97-0163504,rreskelly1h@geocities.jp
55,Gram,Gerish,1994-01-03,M,Mycat,Product Management,66-4990006,ggerish1i@mediafire.com
56,Augy,Robbings,1992-08-23,M,Tagfeed,Services,74-7748655,arobbings1j@dailymail.co.uk
57,Kore,Lapthorn,1982-06-13,F,Pixonyx,Engineering,70-2274413,klapthorn1k@fc2.com
58,Leonanie,Leggis,1979-10-14,F,Skilith,Engineering,38-3528165,lleggis1l@dedecms.com
59,Fredia,Everwin,1994-11-26,F,Centidel,Business Development,99-0642344,feverwin1m@jigsy.com
60,Ogdon,Huscroft,1990-10-13,M,Meezzy,Sales,92-2574893,ohuscroft1n@usgs.gov
61,Pren,Falkus,1990-11-18,M,Ooba,Services,23-5737777,pfalkus1o@dot.gov
62,Raphaela,Borthwick,1990-04-15,F,Tagpad,Accounting,22-1198397,rborthwick1p@yale.edu
63,Quincy,Nolleau,1970-04-24,M,Brainlounge,Training,16-5886021,qnolleau1q@independent.co.uk
64,Ernestine,Bes,1977-10-16,F,Edgeblab,Legal,23-3591921,ebes1r@list-manage.com
65,Mickey,Galle,1989-12-10,M,Skipstorm,Sales,34-1290053,mgalle1s@yale.edu
66,Rafaello,Moro,1973-11-03,M,Shufflebeat,Services,32-9635999,rmoro1t@nyu.edu
67,Tabitha,Kennedy,1997-08-12,F,Vipe,Research and Development,45-9836755,tkennedy1u@omniture.com
68,Raymund,Dommersen,1995-07-02,M,Skivee,Legal,12-0549264,rdommersen1v@canalblog.com
69,Kalvin,Grabbam,1972-08-09,M,Dabjam,Product Management,93-4231018,kgrabbam1w@irs.gov
70,Felicio,Reece,1971-07-07,M,Oyoyo,Product Management,41-2824387,freece1x@cloudflare.com
71,Lynnett,Groundwator,1995-01-15,F,Plambee,Services,78-9531484,lgroundwator1y@phpbb.com
72,Whitman,Cromb,1975-04-21,M,Dabjam,Accounting,00-7126138,wcromb1z@china.com.cn
73,Kamillah,Beloe,1987-06-21,F,Kazu,Support,68-5755532,kbeloe20@columbia.edu
74,Barrie,MacCrann,1986-11-12,M,Shuffletag,Business Development,60-8981777,bmaccrann21@latimes.com
75,Isadore,Jeans,1983-02-27,M,Shuffledrive,Legal,60-7591477,ijeans22@addtoany.com
76,Idalina,Iwaszkiewicz,1995-10-05,F,Zooveo,Engineering,87-3930498,iiwaszkiewicz23@reuters.com
77,Cameron,Popescu,1974-01-01,M,Mybuzz,Support,80-1058935,cpopescu24@cargocollective.com
78,Saloma,Reef,1993-09-11,F,Ailane,Services,49-7891104,sreef25@redcross.org
79,Parrnell,Larcher,1975-12-19,M,Photofeed,Business Development,00-2302479,plarcher26@psu.edu
80,Cody,Galloway,1984-10-15,F,Jetpulse,Engineering,47-5024205,cgalloway27@census.gov
81,Lyda,Rookwell,1976-05-11,F,Teklist,Marketing,96-1042535,lrookwell28@ustream.tv
82,Josie,Monkeman,1992-06-08,F,Einti,Engineering,74-4281291,jmonkeman29@studiopress.com
83,Hallie,Cockaday,2001-02-12,F,Viva,Sales,81-5862796,hcockaday2a@shinystat.com
84,Geno,Cutchee,1986-08-21,M,Feedmix,Services,86-6366773,gcutchee2b@reddit.com
85,Robby,Plail,1995-11-09,M,Zava,Human Resources,15-5216691,rplail2c@washingtonpost.com
86,Teressa,Colquit,1983-07-21,F,Izio,Services,93-3933451,tcolquit2d@arizona.edu
87,Kelsi,Lewry,1980-09-29,F,Meemm,Accounting,87-0770832,klewry2e@jimdo.com
88,Karalynn,Capp,1993-10-14,F,Avavee,Product Management,18-7484904,kcapp2f@ox.ac.uk
89,Vaughan,Loreit,1993-08-30,M,Livetube,Research and Development,36-6384553,vloreit2g@infoseek.co.jp
90,Raff,Richardsson,1998-07-13,M,Fivebridge,Human Resources,14-8966486,rrichardsson2h@bigcartel.com
91,Dalton,Teeney,1995-04-21,M,Edgeclub,Legal,12-1995273,dteeney2i@infoseek.co.jp
92,Maure,Birk,1971-12-07,F,Linkbridge,Sales,45-1690731,mbirk2j@eepurl.com
93,Geoffry,Fevier,1999-07-02,M,Edgeify,Engineering,10-1300962,gfevier2k@mashable.com
94,Raynell,Ledwith,1983-05-25,F,Browsecat,Sales,81-2032907,rledwith2l@t.co
95,Cate,Downing,1994-03-28,F,Demizz,Legal,89-0630504,cdowning2m@ebay.co.uk
96,Petronella,Brodeau,1991-04-19,F,Quatz,Business Development,61-2663135,pbrodeau2n@msu.edu
97,Kym,Service,1985-03-18,F,Twimm,Services,91-7554546,kservice2o@whitehouse.gov
98,Haskell,Maude,1998-07-02,M,BlogXS,Accounting,19-2118685,hmaude2p@springer.com
99,Gus,Woloschin,1984-11-10,F,Jetwire,Research and Development,78-5851406,gwoloschin2q@lulu.com
100,Harwilll,Habbert,1971-12-26,M,Jayo,Training,04-4894655,hhabbert2r@hud.gov
101,Hans,Gerg,1976-06-03,M,Innojam,Training,92-4030535,hgerg2s@dedecms.com
102,Geoffry,Salvadore,1978-08-02,M,Aivee,Human Resources,42-3127807,gsalvadore2t@rambler.ru
103,Dasi,Crab,1971-12-17,F,Jetwire,Engineering,25-7645377,dcrab2u@devhub.com
104,Juieta,McCue,1986-01-25,F,Centidel,Services,48-2490535,jmccue2v@google.es
105,Lemmie,Tipping,1984-02-11,M,Voonder,Product Management,27-4224225,ltipping2w@amazon.co.uk
106,Mathias,Bemlott,1997-11-12,M,Twitterworks,Training,40-9928121,mbemlott2x@cafepress.com
107,Hedy,Eleshenar,1977-10-08,F,JumpXS,Accounting,29-3871783,heleshenar2y@printfriendly.com
108,Ladonna,Masters,1980-07-09,F,Skipfire,Research and Development,41-7708724,lmasters2z@tamu.edu
109,Jack,Braidman,1982-12-08,M,Digitube,Engineering,50-2060980,jbraidman30@usa.gov
110,Flint,Munkton,1990-10-27,M,Eazzy,Accounting,58-2432466,fmunkton31@state.gov
111,Leontyne,Mitskevich,1990-07-14,F,Eazzy,Product Management,91-1294348,lmitskevich32@prlog.org
112,Elnore,Huntley,1982-03-12,F,Latz,Accounting,57-5298739,ehuntley33@twitpic.com
113,Barbara-anne,Landell,1977-01-04,F,Skilith,Training,49-4487266,blandell34@t-online.de
114,Berk,Holcroft,1983-05-10,M,Riffpath,Engineering,56-1320180,bholcroft35@amazon.com
115,Urban,Bellerby,1992-04-14,M,Izio,Human Resources,05-7117255,ubellerby36@vkontakte.ru
116,Giles,Carpenter,1990-08-20,M,Devify,Business Development,12-0127387,gcarpenter37@php.net
117,Alain,Zorer,1984-02-28,M,Plambee,Engineering,86-9468164,azorer38@wiley.com
118,Renado,Rylance,1993-07-24,M,Avavee,Product Management,03-4394961,rrylance39@bizjournals.com
119,Rozina,Conrart,1978-04-05,F,Skiptube,Product Management,57-8336360,rconrart3a@ihg.com
120,Roddy,Shale,1973-06-14,M,Tazz,Marketing,51-9576104,rshale3b@w3.org
121,Lauri,Aldins,1981-01-13,F,Wikibox,Support,19-5630985,laldins3c@intel.com
122,Jayme,Cruttenden,1985-09-09,M,Katz,Services,58-9493189,jcruttenden3d@linkedin.com
123,Martina,Zarfati,1972-04-29,F,Twitterworks,Research and Development,91-5460519,mzarfati3e@google.co.jp
124,Edithe,Iwanowicz,1995-02-01,F,Jaxnation,Human Resources,43-2903880,eiwanowicz3f@boston.com
125,Garrett,Burger,1994-07-18,M,Zoomlounge,Sales,05-5580424,gburger3g@xrea.com
126,Aluino,Bayle,1982-01-15,M,Thoughtmix,Training,08-4558454,abayle3h@icq.com
127,Kippie,Aldhouse,1993-05-12,M,Dablist,Marketing,18-4633818,kaldhouse3i@amazon.co.uk
128,Dame,Di Bartolommeo,1997-10-14,M,Jamia,Business Development,33-0896484,ddibartolommeo3j@omniture.com
129,Francesco,Pyburn,1987-05-22,M,Wikivu,Product Management,35-3457973,fpyburn3k@hc360.com
130,Shela,Skull,1973-12-19,F,Flashspan,Accounting,21-7432262,sskull3l@vimeo.com
131,Ferguson,Klaassens,1983-02-04,M,Skajo,Engineering,41-7000435,fklaassens3m@cnet.com
132,Cinnamon,Coneley,1980-08-22,F,Shufflebeat,Legal,20-9549856,cconeley3n@seattletimes.com
133,Ogdon,Spenley,1971-06-29,M,Abatz,Sales,01-4246448,ospenley3o@cbsnews.com
134,Mariette,Krammer,1995-03-12,F,Realcube,Research and Development,35-7831053,mkrammer3p@nhs.uk
135,Korella,Avon,1987-01-01,F,Gabspot,Legal,66-8049309,kavon3q@epa.gov
136,Marillin,Seller,1980-02-06,F,Chatterpoint,Product Management,86-1866991,mseller3r@dagondesign.com
137,Melba,Pothecary,1993-05-10,F,Tazzy,Sales,46-7653518,mpothecary3s@hao123.com
138,Jermayne,Grunwall,1998-03-18,M,Twitterbeat,Business Development,89-6191105,jgrunwall3t@cpanel.net
139,Petey,Gymlett,1970-07-03,M,Gevee,Sales,54-4965986,pgymlett3u@sciencedaily.com
140,Ondrea,Kmiec,1999-06-19,F,Pixope,Legal,61-0247742,okmiec3v@gizmodo.com
141,Maurits,Croster,1987-06-06,M,Quatz,Product Management,70-3660900,mcroster3w@google.pl
142,Arlinda,Cubin,1974-02-06,F,Topicware,Product Management,87-3980992,acubin3x@delicious.com
143,Michal,Trask,1989-03-19,M,Mydo,Product Management,37-2368047,mtrask3y@yahoo.com
144,Hebert,Moulder,1987-10-26,M,Jazzy,Engineering,64-8369349,hmoulder3z@usa.gov
145,Georgine,McAteer,1994-06-03,F,Meejo,Human Resources,35-1905023,gmcateer40@fema.gov
146,Valentijn,Iannelli,1972-01-07,M,Photobug,Legal,78-1187243,viannelli41@archive.org
147,Anthe,Corley,1996-08-05,F,DabZ,Sales,01-1934565,acorley42@yellowpages.com
148,Keen,Beedie,1970-07-09,M,Ainyx,Services,77-1207940,kbeedie43@google.com.hk
149,Cayla,Idney,1983-12-14,F,Twitternation,Marketing,47-1263072,cidney44@japanpost.jp
150,Kalvin,Rolin,1970-09-01,M,Brightdog,Accounting,47-3746912,krolin45@comsenz.com
151,Norbert,Sulland,1986-07-02,M,Oba,Product Management,78-4734430,nsulland46@ft.com
152,Ramsey,Soffe,1985-10-30,M,Skyba,Research and Development,86-2099009,rsoffe47@plala.or.jp
153,Amery,Roset,1993-11-11,M,Riffwire,Engineering,70-8131906,aroset48@constantcontact.com
154,Nicolette,Bramhall,1974-07-18,F,Yozio,Business Development,11-2641303,nbramhall49@cisco.com
155,Leopold,Hansemann,1991-02-07,M,Topicshots,Services,39-0745182,lhansemann4a@latimes.com
156,Georgy,Bentham3,1986-05-09,M,Dynabox,Product Management,48-5325992,gbentham4b@naver.com
157,Eddie,Burvill,1993-10-29,F,Trudeo,Support,82-9472599,eburvill4c@lulu.com
158,Larisa,Virgoe,1971-07-01,F,Flipbug,Engineering,66-4713881,lvirgoe4d@spotify.com
159,Meridel,Hamlin,1993-07-29,F,Aivee,Training,35-6275755,mhamlin4e@umich.edu
160,Gram,Barnaby,1994-10-15,M,Babbleblab,Legal,64-5337182,gbarnaby4f@cbc.ca
161,Connie,Hourihane,1977-09-28,M,Plambee,Legal,36-7708984,chourihane4g@over-blog.com
162,Charlton,Skipper,1990-09-29,M,Voomm,Marketing,72-5962768,cskipper4h@example.com
163,Nicolette,Bedbury,1984-02-27,F,Dynazzy,Sales,15-7122372,nbedbury4i@instagram.com
164,Ronald,Rouse,1973-04-16,M,Quinu,Human Resources,25-7660266,rrouse4j@umn.edu
165,Joelly,Kyme,1997-02-08,F,Wordware,Research and Development,15-0896073,jkyme4k@ca.gov
166,Padget,Diperaus,1971-06-26,M,Katz,Training,88-8905532,pdiperaus4l@ehow.com
167,Yulma,Fischer,1994-12-27,M,Yata,Business Development,33-6297358,yfischer4m@nih.gov
168,Ferrel,MacKintosh,1980-10-31,M,Agivu,Marketing,43-0183632,fmackintosh4n@networkadvertising.org
169,Gerick,Blyth,1992-09-13,M,Zoomdog,Marketing,84-6796585,gblyth4o@icq.com
170,Nealon,Flaunders,1981-11-11,M,Quatz,Training,09-6963670,nflaunders4p@lulu.com
171,Ninetta,Posten,1998-01-26,F,Babbleblab,Research and Development,85-6402511,nposten4q@miitbeian.gov.cn
172,Fleurette,Moodey,1997-05-28,F,Avamm,Training,50-6712036,fmoodey4r@cbsnews.com
173,Guss,Costell,1974-11-01,M,Feedfire,Training,43-7291804,gcostell4s@de.vu
174,Sabina,McAloren,1986-05-09,F,Twitterbeat,Support,36-5044641,smcaloren4t@macromedia.com
175,Mellisent,Croote,1980-01-10,F,Realcube,Services,95-8759383,mcroote4u@goo.gl
176,Almeria,Cossington,1978-10-13,F,Ntag,Engineering,91-3409130,acossington4v@shareasale.com
177,Dorolice,Riseborough,1990-11-09,F,Kamba,Product Management,97-5130840,driseborough4w@sakura.ne.jp
178,Lewiss,Busain,1990-03-29,M,Camido,Business Development,98-5119356,lbusain4x@1688.com
179,Averill,Beneix,1996-01-30,M,Tambee,Research and Development,29-5739358,abeneix4y@stanford.edu
180,Alina,Salery,1985-08-04,F,InnoZ,Sales,80-2128791,asalery4z@freewebs.com
181,Revkah,Hailes,1989-09-05,F,Feedspan,Product Management,07-5045086,rhailes50@businesswire.com
182,Wittie,Digman,1976-02-19,M,Yodo,Marketing,33-8214728,wdigman51@merriam-webster.com
183,Morgan,Fantonetti,1987-01-28,F,Oyoyo,Services,13-8689371,mfantonetti52@nasa.gov
184,Cesar,Corragan,1983-04-05,M,Youbridge,Research and Development,54-0174347,ccorragan53@umich.edu
185,Rory,Starten,1976-09-09,M,Wordware,Human Resources,86-4702034,rstarten54@ifeng.com
186,Khalil,Caldayrou,1998-04-15,M,Teklist,Sales,88-3168359,kcaldayrou55@tumblr.com
187,Flemming,Borham,1994-04-14,M,Eare,Support,57-7610586,fborham56@ft.com
188,Cara,Chesworth,1985-12-03,F,Janyx,Human Resources,08-6310689,cchesworth57@blinklist.com
189,Benjamen,Dashper,1997-04-06,M,Yozio,Research and Development,69-9801703,bdashper58@cnet.com
190,Dana,Phythian,1982-12-20,F,Voolith,Research and Development,31-0749459,dphythian59@va.gov
191,Marven,Godfrey,1989-10-14,M,Zoomcast,Marketing,66-0263488,mgodfrey5a@hexun.com
192,Delinda,Valentim,1970-11-19,F,Chatterbridge,Engineering,28-5782088,dvalentim5b@patch.com
193,Kaja,Halvorsen,1974-10-17,F,Wikivu,Accounting,74-1671781,khalvorsen5c@domainmarket.com
194,Fayth,Middleweek,1998-11-25,F,Bluejam,Research and Development,81-2938427,fmiddleweek5d@free.fr
195,Aldrich,Boyet,1988-08-01,M,Topiclounge,Marketing,02-0496810,aboyet5e@mac.com
196,Roxie,Stanyland,1995-01-21,F,Leenti,Sales,68-5593024,rstanyland5f@va.gov
197,Perice,Trethewey,1979-07-24,M,Wordpedia,Product Management,41-5276022,ptrethewey5g@mlb.com
198,Garwood,Eva,1980-03-22,M,Ntag,Human Resources,50-3520836,geva5h@usatoday.com
199,Leena,Noller,1974-03-30,F,Realbuzz,Support,18-7849551,lnoller5i@cyberchimps.com
200,Thedrick,Melley,1995-04-10,M,Gabspot,Training,61-0631947,tmelley5j@huffingtonpost.com
201,Ariel,Rathbourne,1995-11-06,M,Avavee,Engineering,33-5467121,arathbourne5k@apple.com
202,Bruno,Lindenfeld,1999-09-21,M,Feedfire,Training,35-6523369,blindenfeld5l@state.gov
203,August,Shepperd,1972-12-28,M,Babbleset,Marketing,25-4583885,ashepperd5m@wikispaces.com
204,Burnard,Tassell,2000-07-13,M,Babbleblab,Training,77-8094363,btassell5n@skype.com
205,Jedediah,Bearman,1997-03-11,M,Browsecat,Research and Development,21-2816387,jbearman5o@blogtalkradio.com
206,Jany,Andrat,1996-08-20,F,Blogspan,Support,39-6135540,jandrat5p@godaddy.com
207,Mehetabel,Ammer,1972-06-22,F,Cogibox,Research and Development,29-5273542,mammer5q@ucsd.edu
208,Beatrice,Strute,1978-09-13,F,Edgewire,Legal,30-7233540,bstrute5r@miitbeian.gov.cn
209,Donnell,Pimm,1976-10-19,M,Youbridge,Human Resources,09-7851242,dpimm5s@apple.com
210,Ediva,Tivnan,1978-01-16,F,Viva,Sales,75-5992934,etivnan5t@about.com
211,Maribelle,Kroll,1991-01-12,F,Feednation,Legal,45-0856548,mkroll5u@gizmodo.com
212,Darcy,Winchurst,1989-08-31,F,Livefish,Legal,69-9866684,dwinchurst5v@businesswire.com
213,Annelise,O'Nowlan,1980-03-20,F,Jaxnation,Sales,27-5407519,aonowlan5w@uol.com.br
214,Valaree,Sibly,1995-11-16,F,Browsecat,Marketing,20-9133887,vsibly5x@house.gov
215,Milton,Vasilchikov,2000-09-24,M,Flipstorm,Engineering,27-8270757,mvasilchikov5y@seattletimes.com
216,Raddy,O'Callaghan,1974-10-22,M,Npath,Services,32-2988396,rocallaghan5z@etsy.com
217,Rhys,Wisedale,1982-02-24,M,Eidel,Research and Development,79-0020727,rwisedale60@oakley.com
218,Margarita,Stellino,1980-08-09,F,Voonix,Marketing,69-8688452,mstellino61@patch.com
219,Ringo,Logan,1996-12-30,M,Zoombeat,Business Development,52-5629344,rlogan62@e-recht24.de
220,Sumner,Tredgold,1981-06-10,M,Photolist,Support,82-2481493,stredgold63@about.me
221,Cornall,Stedmond,1974-10-18,M,Avamba,Business Development,62-4980843,cstedmond64@usatoday.com
222,Charmaine,Coleford,1976-06-06,F,Dabjam,Training,02-7397777,ccoleford65@cyberchimps.com
223,Benjamin,Atto,1980-07-15,M,Rhycero,Marketing,14-3495222,batto66@sina.com.cn
224,Avrom,Zimmerman,1993-07-14,M,Flipbug,Marketing,67-6861224,azimmerman67@cmu.edu
225,Martguerita,Milby,1993-05-06,F,Babbleblab,Sales,27-0466837,mmilby68@mail.ru
226,Joyce,Wilshin,1996-01-03,F,Voolia,Human Resources,10-3862533,jwilshin69@exblog.jp
227,Dame,Ledbury,1990-08-03,M,Youopia,Human Resources,97-7700956,dledbury6a@tamu.edu
228,Cos,Bark,1974-03-06,M,Innotype,Legal,22-0973052,cbark6b@stanford.edu
229,Pattie,Tyndall,1970-10-26,M,Fiveclub,Sales,91-1306684,ptyndall6c@bbc.co.uk
230,Tracy,Travis,1995-07-30,M,Skajo,Accounting,46-9364226,ttravis6d@nbcnews.com
231,Aaron,Rubica,1997-06-08,M,Skyba,Product Management,17-1452039,arubica6e@webnode.com
232,Tobi,Eckly,1996-05-07,F,Camimbo,Support,29-2044402,teckly6f@booking.com
233,Desiri,O'Noland,1998-11-21,F,Avamm,Legal,99-3817775,donoland6g@stumbleupon.com
234,Calv,Nys,1991-10-26,M,Brightbean,Research and Development,50-6379738,cnys6h@unesco.org
235,Suzi,Durman,1976-11-25,F,Kwideo,Sales,68-7571098,sdurman6i@cbsnews.com
236,Darin,Luty,1983-06-14,M,Dynabox,Services,05-1969293,dluty6j@a8.net
237,Bert,Biset,1990-12-25,F,Yozio,Research and Development,93-4125120,bbiset6k@netlog.com
238,Dante,Mixture,1991-06-06,M,Photobug,Training,39-0073945,dmixture6l@aol.com
239,Katusha,Shewsmith,1978-09-03,F,Minyx,Business Development,46-6669057,kshewsmith6m@miibeian.gov.cn
240,Mickey,Humbell,1987-07-03,M,Thoughtstorm,Accounting,61-9726652,mhumbell6n@slate.com
241,Giorgia,Rockliffe,1978-07-27,F,Podcat,Sales,40-8484118,grockliffe6o@cdc.gov
242,Anton,Mustin,1987-10-01,M,Gabtune,Business Development,79-4860595,amustin6p@shareasale.com
243,Nelle,Reinert,1979-02-19,F,Plajo,Marketing,88-7494299,nreinert6q@storify.com
244,Nolan,Bogey,1990-03-11,M,Devshare,Support,13-0402840,nbogey6r@studiopress.com
245,Rudolph,Pilgram,1987-11-25,M,Centizu,Accounting,45-9335879,rpilgram6s@github.io
246,Boonie,Jossel,1993-04-13,M,Omba,Accounting,34-1090032,bjossel6t@spiegel.de
247,Quinton,Klausewitz,1986-08-03,M,Linklinks,Sales,88-1222319,qklausewitz6u@networkadvertising.org
248,Tobe,Francombe,1982-05-23,M,Skiptube,Sales,42-0924366,tfrancombe6v@slate.com
249,Shaylyn,De Beneditti,1996-08-15,F,Skyvu,Research and Development,81-9324235,sdebeneditti6w@surveymonkey.com
250,Perice,Foskin,1976-01-20,M,Thoughtbridge,Engineering,88-4630344,pfoskin6x@patch.com
251,Goddart,Bendik,1987-07-02,M,Jatri,Services,41-7291667,gbendik6y@stanford.edu
252,Jerrome,Berceros,1971-07-21,M,Pixope,Research and Development,81-0480386,jberceros6z@paginegialle.it
253,Irv,Jagielski,1971-09-03,M,Zoomcast,Research and Development,67-4401253,ijagielski70@businessweek.com
254,Gonzales,Murison,1971-05-15,M,Realfire,Product Management,92-6076251,gmurison71@washington.edu
255,Myrna,Jursch,1979-08-19,F,Shuffledrive,Sales,58-3968708,mjursch72@newsvine.com
256,Mirabella,Lowbridge,1992-01-24,F,Zoomzone,Legal,22-5666094,mlowbridge73@wunderground.com
257,Gianina,Bernardotti,1996-08-06,F,Jabberbean,Services,71-5376240,gbernardotti74@diigo.com
258,Ludwig,Byfield,1983-06-26,M,Flashdog,Sales,28-1593374,lbyfield75@japanpost.jp
259,Christin,Sheilds,1988-02-02,F,Flashpoint,Marketing,96-2433748,csheilds76@mac.com
260,Maudie,Becerro,1984-07-14,F,Mita,Legal,00-8571961,mbecerro77@youku.com
261,Alanah,Wessell,1994-02-07,F,Babbleblab,Support,66-3884885,awessell78@weibo.com
262,Mame,Breeze,1998-05-03,F,Roodel,Training,57-4457734,mbreeze79@histats.com
263,Jacinthe,Gimert,1991-02-19,F,Rhyloo,Services,90-1084606,jgimert7a@google.co.jp
264,Tye,Cheatle,1987-09-14,M,Kanoodle,Engineering,09-3108610,tcheatle7b@comcast.net
265,Emmery,Levings,1975-03-19,M,Realbuzz,Product Management,77-9080296,elevings7c@house.gov
266,Irv,Meys,1989-05-02,M,Quimba,Marketing,26-3381073,imeys7d@uol.com.br
267,Maddie,Sleicht,1973-06-17,M,Quinu,Research and Development,05-1033252,msleicht7e@exblog.jp
268,Leanna,Starbucke,1992-04-21,F,Thoughtbeat,Human Resources,45-7653093,lstarbucke7f@admin.ch
269,Carmina,Cathro,1974-01-12,F,Rhynoodle,Marketing,13-8175373,ccathro7g@soup.io
270,Deedee,Hoyt,1987-02-09,F,Divavu,Legal,52-4654177,dhoyt7h@ask.com
271,Eziechiele,Charle,1983-07-11,M,Riffpath,Research and Development,05-5775197,echarle7i@sfgate.com
272,Cori,Pietranek,1980-03-08,M,Skimia,Product Management,47-1868430,cpietranek7j@columbia.edu
273,Margaretha,Manueau,2001-07-26,F,Vipe,Services,61-5810163,mmanueau7k@prnewswire.com
274,Veda,Saywell,2001-11-03,F,Katz,Product Management,33-2834719,vsaywell7l@1688.com
275,Georgianna,Dunnaway,1998-11-15,F,Browsezoom,Legal,40-3932525,gdunnaway7m@ca.gov
276,Diandra,Marritt,1972-08-10,F,Izio,Sales,96-5050464,dmarritt7n@google.ca
277,Lolly,Dunthorne,1992-06-02,F,Brainsphere,Legal,95-9248042,ldunthorne7o@lycos.com
278,Thom,Suatt,2000-08-11,M,Aimbo,Research and Development,53-7652007,tsuatt7p@engadget.com
279,Nathalie,Picot,1995-05-28,F,Vinte,Business Development,45-9420328,npicot7q@cyberchimps.com
280,Robena,Golightly,1993-07-20,F,LiveZ,Services,61-4225809,rgolightly7r@msn.com
281,Crystal,Hachard,1972-03-05,F,Realfire,Accounting,58-6906602,chachard7s@craigslist.org
282,Mick,Zapater,1977-11-06,M,Demimbu,Sales,66-3305362,mzapater7t@gmpg.org
283,Rafaelita,Normanvell,1990-09-30,F,Livetube,Marketing,20-4526500,rnormanvell7u@instagram.com
284,Alfred,Critchard,1993-02-21,M,Feedfish,Support,77-1147323,acritchard7v@who.int
285,Katrine,Rouby,1979-02-12,F,Realcube,Business Development,32-6740210,krouby7w@qq.com
286,Chris,Esbrook,2001-11-09,M,Yakitri,Support,61-2906836,cesbrook7x@fastcompany.com
287,Shandy,Nisbith,1997-02-04,F,Livetube,Engineering,19-7823399,snisbith7y@bbb.org
288,Claudell,Eckford,2001-11-12,M,Tagfeed,Business Development,75-8277466,ceckford7z@blogtalkradio.com
289,Thatcher,Schutt,1996-11-17,M,Feedbug,Product Management,73-9892257,tschutt80@seattletimes.com
290,Gerty,Brandacci,1971-02-08,F,Muxo,Business Development,96-9439902,gbrandacci81@pen.io
291,Viva,Toth,1985-11-14,F,Skinix,Human Resources,18-7924075,vtoth82@google.co.uk
292,Maressa,Rowthorn,1977-04-18,F,Yombu,Sales,24-0586478,mrowthorn83@moonfruit.com
293,Atlanta,Rilton,1995-07-30,F,Oyoba,Product Management,15-1674726,arilton84@icq.com
294,Penelope,Kapelhoff,1984-07-17,F,Mydo,Human Resources,40-4318844,pkapelhoff85@guardian.co.uk
295,Sheffie,Sharvell,1998-04-03,M,Yakijo,Human Resources,86-7376985,ssharvell86@walmart.com
296,Joye,Farron,1979-03-20,F,Dablist,Human Resources,75-8488150,jfarron87@unc.edu
297,Ettore,Firpi,1971-10-23,M,Oyoloo,Product Management,41-7543431,efirpi88@blogtalkradio.com
298,Farleigh,Romanetti,1972-10-12,M,Twinte,Support,86-6615404,fromanetti89@unc.edu
299,Luca,Alston,1978-06-27,M,Vinder,Accounting,16-4332829,lalston8a@redcross.org
300,Marchall,Flanner,1977-05-14,M,Meetz,Accounting,99-3665460,mflanner8b@ted.com
301,Sol,Megainey,1985-10-16,M,Linkbuzz,Product Management,85-7422561,smegainey8c@psu.edu
302,Nadeen,St. John,1972-07-08,F,Aivee,Research and Development,89-7705062,nstjohn8d@icio.us
303,Cornelius,Geri,1975-01-03,M,Feedmix,Research and Development,66-2496201,cgeri8e@wufoo.com
304,Karol,Harwin,2000-05-22,F,Buzzshare,Training,51-3516195,kharwin8f@constantcontact.com
305,Nissy,Canavan,1979-07-21,F,Jaxspan,Marketing,22-6980495,ncanavan8g@earthlink.net
306,Marius,Jindrak,1978-09-01,M,Twitternation,Training,67-2079932,mjindrak8h@comsenz.com
307,Antoni,Stefi,1991-06-01,M,Edgetag,Legal,61-9802240,astefi8i@auda.org.au
308,Cynthea,Bithell,1986-04-04,F,Yamia,Business Development,04-7530446,cbithell8j@privacy.gov.au
309,Adan,Colls,1989-04-12,F,Jaxspan,Accounting,60-3333150,acolls8k@utexas.edu
310,Wrennie,Hawson,1974-06-12,F,Kwimbee,Services,37-3629130,whawson8l@gizmodo.com
311,Howey,Dumper,1982-10-21,M,Jayo,Engineering,36-4877222,hdumper8m@bloomberg.com
312,Boniface,Worham,2000-04-18,M,Jabbercube,Business Development,64-7214206,bworham8n@sohu.com
313,Frasco,Feldmesser,1978-11-13,M,Bluejam,Product Management,37-1419155,ffeldmesser8o@google.fr
314,Windham,Dockray,1974-10-27,M,Jaxspan,Accounting,82-8869642,wdockray8p@sfgate.com
315,Anson,Fouch,1981-01-02,M,Topicshots,Sales,27-6844096,afouch8q@java.com
316,Carter,Pymm,1995-05-04,M,Oyoyo,Training,97-7517526,cpymm8r@symantec.com
317,Isadora,Flament,1996-05-07,F,Bluezoom,Accounting,95-9061323,iflament8s@cpanel.net
318,Harbert,Bentje,1986-04-25,M,Talane,Marketing,30-7621226,hbentje8t@privacy.gov.au
319,Buiron,Westbury,1971-10-22,M,Midel,Legal,44-5811956,bwestbury8u@amazon.co.uk
320,Essa,Cobden,2001-02-25,F,Quimm,Engineering,16-9090430,ecobden8v@huffingtonpost.com
321,Arley,Pomfrett,2001-04-19,M,Demivee,Human Resources,79-8511783,apomfrett8w@thetimes.co.uk
322,Winslow,Gimblet,1989-01-04,M,Zoonder,Human Resources,18-5534616,wgimblet8x@dmoz.org
323,Jyoti,Hellard,1987-10-16,F,Feedspan,Marketing,52-5923159,jhellard8y@sina.com.cn
324,Gennie,Nazair,1986-11-16,F,Youopia,Human Resources,01-6142363,gnazair8z@patch.com
325,Errick,Maingot,1980-06-12,M,Skimia,Business Development,76-2723981,emaingot90@amazonaws.com
326,Sheri,Hanbury-Brown,1998-08-20,F,Skivee,Business Development,80-6481687,shanburybrown91@hhs.gov
327,Briny,Conford,1995-04-25,F,Tagopia,Sales,19-6862001,bconford92@devhub.com
328,Gianni,Farnaby,1974-05-19,M,Flashpoint,Human Resources,85-5330743,gfarnaby93@spiegel.de
329,Warden,Labrone,1979-05-18,M,Mudo,Accounting,87-5021027,wlabrone94@prlog.org
330,Dotti,Lorand,1999-04-18,F,Thoughtmix,Marketing,85-8916149,dlorand95@ted.com
331,Umberto,Adolfson,1972-12-30,M,Muxo,Legal,97-2877611,uadolfson96@booking.com
332,Corrianne,Dooney,2001-04-08,F,Skajo,Product Management,11-0183489,cdooney97@abc.net.au
333,Alberto,Hainge,1971-02-18,M,Oba,Marketing,59-9366146,ahainge98@weebly.com
334,Margaretha,Teape,2000-05-30,F,Photojam,Business Development,52-3382985,mteape99@a8.net
335,Rachelle,Littlefair,1989-12-10,F,Quatz,Support,19-7986084,rlittlefair9a@purevolume.com
336,Barnebas,Boome,1973-11-09,M,Eazzy,Marketing,83-6649778,bboome9b@canalblog.com
337,Hyacintha,Beecroft,1972-05-23,F,Nlounge,Engineering,75-5737881,hbeecroft9c@buzzfeed.com
338,Annelise,Pawlik,1997-03-20,F,Linklinks,Accounting,77-4475413,apawlik9d@dropbox.com
339,Robby,Seemmonds,2000-04-26,F,Thoughtstorm,Product Management,88-9794562,rseemmonds9e@oaic.gov.au
340,Alanah,Stetlye,1997-05-30,F,Kamba,Training,05-1443877,astetlye9f@jiathis.com
341,Tricia,Ponsford,1983-02-24,F,Jabberbean,Training,72-8963874,tponsford9g@edublogs.org
342,Cristine,Willden,1970-03-15,F,Quamba,Business Development,93-2255258,cwillden9h@shinystat.com
343,Chrysa,MacGill,1975-08-21,F,Fivechat,Human Resources,07-6668676,cmacgill9i@1und1.de
344,Isador,Wince,1991-07-08,M,Bubblebox,Training,87-1718257,iwince9j@apache.org
345,Reilly,Alexsandrovich,1991-08-30,M,Snaptags,Support,75-9139505,ralexsandrovich9k@go.com
346,Randene,Delle,1972-05-05,F,Ntags,Engineering,12-2231471,rdelle9l@gnu.org
347,Sibelle,McCloid,1978-12-31,F,BlogXS,Research and Development,95-3314654,smccloid9m@issuu.com
348,Law,Luebbert,1997-06-11,M,Skiptube,Accounting,57-6507043,lluebbert9n@cdbaby.com
349,Gwenny,Kleinsinger,1973-06-29,F,Shufflebeat,Legal,62-5429982,gkleinsinger9o@buzzfeed.com
350,Demetra,Comer,1985-04-21,F,Eidel,Business Development,80-0322809,dcomer9p@economist.com
351,Cybil,Piggott,1975-03-14,F,Blogpad,Human Resources,86-8741091,cpiggott9q@addthis.com
352,Saundra,Martonfi,1994-09-11,M,Browsebug,Sales,54-7613510,smartonfi9r@ibm.com
353,Taber,Scritch,1977-07-21,M,Leexo,Human Resources,52-0352408,tscritch9s@multiply.com
354,Lurlene,Athersmith,1981-10-02,F,Tagopia,Human Resources,26-1831654,lathersmith9t@disqus.com
355,Arnold,Begg,1981-10-18,M,LiveZ,Accounting,44-1991807,abegg9u@ovh.net
356,Andreas,Newsham,1996-03-14,M,Flashpoint,Support,60-8986283,anewsham9v@google.it
357,Justine,Higgan,1995-07-09,F,Quatz,Marketing,81-7291073,jhiggan9w@amazon.de
358,Amargo,Bloodworth,1981-11-29,F,Eire,Training,05-4509107,abloodworth9x@blogs.com
359,Veronike,Markussen,2000-09-20,F,Vidoo,Sales,91-6399376,vmarkussen9y@sciencedaily.com
360,Janeen,Bisco,1986-02-09,F,LiveZ,Accounting,72-8567613,jbisco9z@homestead.com
361,Cully,Laughren,2001-03-11,M,Vitz,Human Resources,99-6992110,claughrena0@hao123.com
362,Panchito,Gilbey,1998-07-02,M,Agivu,Engineering,05-6755892,pgilbeya1@edublogs.org
363,Renaldo,Constant,1995-10-30,M,Tekfly,Legal,89-1517421,rconstanta2@amazon.co.uk
364,Koo,Rawstorn,2001-04-17,F,Gabtune,Marketing,60-0945657,krawstorna3@odnoklassniki.ru
365,Bryant,Matokhnin,1990-02-07,M,Voonder,Support,89-4431645,bmatokhnina4@bandcamp.com
366,Forrest,McClary,1998-10-22,M,Demimbu,Business Development,11-1415293,fmcclarya5@economist.com
367,Barry,Cornelisse,1984-04-22,M,Demivee,Human Resources,55-9059438,bcornelissea6@linkedin.com
368,Madelyn,Shone,1997-06-22,F,Dynabox,Human Resources,87-0027940,mshonea7@istockphoto.com
369,Amalia,Kidney,1990-10-24,F,Youtags,Accounting,58-6275605,akidneya8@redcross.org
370,Xylia,Jenney,1985-10-04,F,Pixoboo,Product Management,53-5323942,xjenneya9@prnewswire.com
371,Demetra,Potkin,1979-08-16,F,Fivechat,Marketing,02-9116589,dpotkinaa@weibo.com
372,Sherline,Moxted,1973-05-15,F,Devify,Services,10-6320815,smoxtedab@cpanel.net
373,Emmeline,Nutbrown,1991-08-10,F,Quire,Training,58-0602544,enutbrownac@com.com
374,Hilary,Dewire,1990-10-07,F,Yombu,Research and Development,91-7347117,hdewiread@51.la
375,Adiana,Andino,1980-07-25,F,Fadeo,Marketing,95-9973414,aandinoae@joomla.org
376,Tristan,Agronski,1993-10-01,M,Meevee,Training,78-3069390,tagronskiaf@amazon.com
377,Cassaundra,Du Barry,1976-04-29,F,Brainverse,Services,76-4219261,cdubarryag@smh.com.au
378,Cecile,Menicomb,1985-04-11,F,Browseblab,Engineering,69-7472151,cmenicombah@digg.com
379,Allyn,Hungerford,1981-08-08,M,Voonder,Marketing,43-1943102,ahungerfordai@hexun.com
380,Sam,Mansel,1971-04-18,M,Izio,Accounting,89-6399995,smanselaj@bravesites.com
381,Tillie,Rodenburgh,1977-07-08,F,Myworks,Product Management,21-9130570,trodenburghak@example.com
382,Alyosha,Yelding,1978-01-16,M,Tagpad,Training,45-8984704,ayeldingal@senate.gov
383,Rakel,Muddimer,1977-08-10,F,Dabvine,Engineering,30-5477411,rmuddimeram@mit.edu
384,Isabelle,Arthars,1976-02-26,F,Kwideo,Services,84-6853612,iartharsan@t.co
385,Marcelia,Gwatkins,1988-12-21,F,Jaxworks,Sales,83-8204920,mgwatkinsao@salon.com
386,Herbie,Scoates,1992-03-11,M,Chatterbridge,Business Development,57-2769364,hscoatesap@telegraph.co.uk
387,Marsh,Tointon,1998-11-04,M,Jamia,Business Development,90-0968301,mtointonaq@slashdot.org
388,Zilvia,Peckham,1986-03-28,F,Edgetag,Research and Development,24-3083069,zpeckhamar@lycos.com
389,Terza,Hauxley,1983-04-27,F,Zoomdog,Engineering,51-8238657,thauxleyas@ted.com
390,Bunny,Paddock,1991-05-18,F,Gigazoom,Research and Development,15-0655666,bpaddockat@cam.ac.uk
391,Mercedes,Need,1971-02-12,F,Gabvine,Training,68-6318632,mneedau@com.com
392,Fletch,Giorgioni,1974-03-05,M,Avamm,Human Resources,36-5210639,fgiorgioniav@hubpages.com
393,Carena,Axelby,1996-10-26,F,Agivu,Product Management,61-8440654,caxelbyaw@upenn.edu
394,Roman,Laudham,1979-03-14,M,Jaxspan,Support,37-9847167,rlaudhamax@soup.io
395,Tiff,Laverock,1982-11-04,F,LiveZ,Research and Development,54-6429096,tlaverockay@bloomberg.com
396,Earvin,Allsebrook,1987-03-30,M,Topicshots,Research and Development,91-4487349,eallsebrookaz@w3.org
397,Sela,Ezele,1993-05-04,F,Mydeo,Engineering,18-3137244,sezeleb0@comsenz.com
398,Kim,Folkerts,1973-12-30,F,Zoombeat,Marketing,43-2955292,kfolkertsb1@ocn.ne.jp
399,Cherish,Bogays,1973-09-22,F,Dabshots,Research and Development,85-3032483,cbogaysb2@patch.com
400,Bartolemo,Rosenau,1984-10-04,M,Shufflester,Support,36-1760262,brosenaub3@hexun.com
401,Darda,Ralton,1984-12-14,F,Oyoyo,Research and Development,13-8646515,draltonb4@boston.com
402,Evelin,Naulty,1978-08-07,M,Fivebridge,Human Resources,39-6258876,enaultyb5@bing.com
403,Boothe,Perrottet,1983-02-01,M,Oyoloo,Training,20-1770392,bperrottetb6@imdb.com
404,Shaine,Linzey,1972-06-03,M,Yakitri,Research and Development,99-2718545,slinzeyb7@miibeian.gov.cn
405,Ken,Hunn,1993-12-06,M,Vinder,Support,24-2804074,khunnb8@zdnet.com
406,Michael,Sawers,1985-08-23,M,Npath,Support,52-1557099,msawersb9@blinklist.com
407,Shep,Ollander,1986-11-26,M,Lazz,Support,84-9531997,sollanderba@abc.net.au
408,Dwight,Jee,1988-07-28,M,Zoonder,Engineering,63-6722952,djeebb@nytimes.com
409,Cosimo,Rock,1988-04-09,M,Meeveo,Product Management,44-5855662,crockbc@vimeo.com
410,Emerson,Skirling,1989-08-08,M,Blogtags,Legal,14-0255299,eskirlingbd@jalbum.net
411,Augusto,Tuffrey,1972-11-07,M,Mynte,Human Resources,68-8154041,atuffreybe@wordpress.org
412,Marcos,Heustace,1997-02-08,M,Yambee,Human Resources,22-0965506,mheustacebf@unicef.org
413,Jarrett,Cardenas,1998-06-12,M,Teklist,Sales,18-1779012,jcardenasbg@jigsy.com
414,Lilly,Bamblett,1983-12-07,F,Edgepulse,Engineering,88-4462909,lbamblettbh@dedecms.com
415,Filbert,Twelve,1986-09-15,M,Ooba,Services,24-5774172,ftwelvebi@lycos.com
416,Wendell,Chapman,1998-10-07,M,Zooveo,Marketing,41-0632372,wchapmanbj@indiatimes.com
417,Poppy,Ferier,1989-07-24,F,Blogtag,Engineering,48-5029393,pferierbk@howstuffworks.com
418,Calvin,Deares,1992-06-21,M,Jabberstorm,Marketing,48-9179818,cdearesbl@eventbrite.com
419,Mirna,Pankethman,1993-11-22,F,Rooxo,Services,49-4264016,mpankethmanbm@nature.com
420,Ilyse,Jeves,1985-02-05,F,Shuffledrive,Business Development,95-5568611,ijevesbn@amazon.co.jp
421,Hershel,Dudny,1981-12-27,M,Buzzbean,Legal,80-9336446,hdudnybo@fc2.com
422,Emlynn,Bonson,2000-05-07,F,Yakijo,Engineering,97-6241517,ebonsonbp@exblog.jp
423,Camala,Anniwell,1983-01-22,F,Zoozzy,Engineering,63-8373001,canniwellbq@state.gov
424,Julianne,Morkham,1984-02-27,F,Realcube,Human Resources,75-6588931,jmorkhambr@google.fr
425,Nealy,Chastenet,1971-11-19,M,Meeveo,Services,11-3337830,nchastenetbs@unesco.org
426,Willow,Gilhool,1976-02-05,F,Skynoodle,Product Management,43-4529027,wgilhoolbt@infoseek.co.jp
427,Nessy,Cosham,1996-06-20,F,Meevee,Services,89-1483383,ncoshambu@technorati.com
428,Renee,Armand,1979-03-01,F,Skinder,Marketing,26-9228135,rarmandbv@istockphoto.com
429,Kass,Wortley,1992-11-09,F,Kaymbo,Legal,08-1948512,kwortleybw@ebay.com
430,Madonna,Dohrmann,1988-10-21,F,Twitterworks,Marketing,60-2878144,mdohrmannbx@typepad.com
431,Kalle,Agott,1980-07-27,M,Fivechat,Product Management,22-4175102,kagottby@stanford.edu
432,Evvy,Demsey,1977-05-09,F,Divanoodle,Accounting,29-9865889,edemseybz@tiny.cc
433,Tuckie,Ashpole,1986-01-20,M,Jabberbean,Business Development,94-3777421,tashpolec0@pcworld.com
434,Jamill,Downes,1997-05-27,M,Dynava,Product Management,23-9730562,jdownesc1@wikia.com
435,Fidelity,Rooze,1981-10-09,F,Podcat,Business Development,86-1730424,froozec2@independent.co.uk
436,Sarena,Tzarkov,1974-03-10,F,Zoonder,Support,65-5250151,stzarkovc3@yellowbook.com
437,Melamie,Pesselt,1976-08-03,F,Zoombox,Legal,55-2134840,mpesseltc4@clickbank.net
438,Kalila,Lincoln,1973-11-04,F,Midel,Accounting,54-3058655,klincolnc5@fc2.com
439,Susy,Bremond,1993-02-19,F,Feedbug,Human Resources,16-5931791,sbremondc6@pcworld.com
440,Tabitha,Ismead,1985-04-06,F,Trupe,Sales,13-6564524,tismeadc7@princeton.edu
441,Marylee,Weston,1978-07-31,F,Edgeblab,Legal,08-1552069,mwestonc8@netlog.com
442,Catherine,Parmeter,1995-06-20,F,Flashspan,Accounting,77-1355418,cparmeterc9@yellowbook.com
443,Melody,Jermey,1982-07-30,F,Eimbee,Training,65-1294191,mjermeyca@myspace.com
444,Sylvester,Gittens,1987-05-29,M,Vinder,Product Management,97-3615610,sgittenscb@google.fr
445,Agace,McFetridge,1981-07-13,F,Cogibox,Training,29-3774837,amcfetridgecc@earthlink.net
446,Reta,Jewis,1973-11-30,F,Jabberstorm,Human Resources,31-3215502,rjewiscd@list-manage.com
447,Myrlene,Royan,1978-07-29,F,Feedspan,Marketing,41-0222923,mroyance@furl.net
448,Ingeberg,Binley,1991-07-18,F,Tazz,Engineering,18-1738371,ibinleycf@who.int
449,Hamel,Stronack,1997-01-26,M,Innojam,Product Management,05-8755619,hstronackcg@biglobe.ne.jp
450,Elston,Pottell,1976-06-01,M,Jayo,Business Development,81-3694785,epottellch@hc360.com
451,Vikki,Bassam,1991-03-01,F,Meedoo,Business Development,74-7626935,vbassamci@chron.com
452,Eba,Gascoine,1979-03-14,F,Wordify,Research and Development,86-9605033,egascoinecj@census.gov
453,Dorey,Mishow,1977-03-17,M,Browsebug,Research and Development,15-8862895,dmishowck@unicef.org
454,Tannie,Giron,1997-04-14,M,Janyx,Engineering,19-0877862,tgironcl@prnewswire.com
455,Mariejeanne,Jakubovics,1993-12-31,F,Skyndu,Research and Development,78-3163478,mjakubovicscm@tinyurl.com
456,Ban,Caile,1995-11-06,M,Thoughtbridge,Research and Development,28-9044240,bcailecn@bizjournals.com
457,Ada,Memory,1977-05-16,F,Yodoo,Marketing,42-2314782,amemoryco@sciencedaily.com
458,Rosella,MacGinley,1997-10-09,F,Voonix,Training,39-0214521,rmacginleycp@auda.org.au
459,Philly,Obern,2000-07-27,F,Rhycero,Support,32-6798438,poberncq@unesco.org
460,Darlleen,Barge,1997-06-09,F,Rhynoodle,Accounting,38-7002825,dbargecr@prnewswire.com
461,Kalindi,Brecken,1987-08-21,F,Buzzshare,Sales,29-4788000,kbreckencs@wunderground.com
462,Rawley,Bartoszewicz,1975-06-28,M,Youspan,Legal,50-4309360,rbartoszewiczct@pbs.org
463,Townie,Hatherleigh,1976-01-17,M,Jabbertype,Engineering,83-9939286,thatherleighcu@vimeo.com
464,Gearard,Ilieve,1985-11-16,M,Gigabox,Sales,32-7121262,gilievecv@hao123.com
465,Alvera,Butrimovich,1973-10-02,F,Linkbuzz,Research and Development,92-8349291,abutrimovichcw@state.gov
466,Wyatan,Seyers,1977-06-26,M,Browsebug,Human Resources,18-2290943,wseyerscx@cloudflare.com
467,Carolynn,Knee,2001-10-20,F,Meevee,Human Resources,38-6374245,ckneecy@dell.com
468,Jehu,McCourt,1971-11-15,M,Quamba,Support,71-9359137,jmccourtcz@utexas.edu
469,Quill,Kittel,1973-01-28,M,Meevee,Sales,36-5424951,qkitteld0@nbcnews.com
470,Terencio,Reuss,1972-04-07,M,Wordpedia,Legal,70-8383877,treussd1@patch.com
471,Blaine,Waleran,1980-10-28,M,Livetube,Support,80-0441114,bwalerand2@oracle.com
472,Reid,Lancastle,1977-04-27,M,Trilia,Product Management,72-0855206,rlancastled3@wufoo.com
473,Carlynne,Boulton,1992-05-29,F,Yakijo,Legal,14-1416573,cboultond4@diigo.com
474,Beret,Blanshard,1973-09-07,F,Devcast,Research and Development,12-5999768,bblanshardd5@home.pl
475,Merna,Morfield,1990-04-25,F,Dabjam,Sales,70-5586676,mmorfieldd6@delicious.com
476,Ritchie,Caselick,1974-06-25,M,Photobug,Product Management,81-7087404,rcaselickd7@pcworld.com
477,Jana,Parr,1972-05-25,F,Agivu,Legal,90-1746730,jparrd8@oakley.com
478,Gerick,Jerred,1997-11-30,M,Trilia,Support,62-5409266,gjerredd9@samsung.com
479,Noelyn,Knightsbridge,1974-03-20,F,Gigazoom,Marketing,51-5489310,nknightsbridgeda@posterous.com
480,Christoph,Flannigan,1971-10-27,M,Zoombeat,Accounting,51-4306229,cflannigandb@discuz.net
481,Faunie,Scutt,1975-02-03,F,Devpoint,Engineering,00-8391967,fscuttdc@msn.com
482,Tommie,Mendoza,1974-10-06,F,Photobug,Engineering,73-2312180,tmendozadd@paypal.com
483,Carmelina,Bartolomieu,2000-12-17,F,Npath,Human Resources,87-7835819,cbartolomieude@ebay.com
484,Heath,Seel,1997-05-22,M,Meemm,Training,45-1691609,hseeldf@tuttocitta.it
485,Ellene,Kevane,1981-11-18,F,Yamia,Training,98-7287072,ekevanedg@stumbleupon.com
486,Justin,Marwick,1995-04-14,M,Quire,Research and Development,10-4959904,jmarwickdh@goodreads.com
487,Chelsea,Dumberell,1972-05-26,F,Gabtype,Legal,54-1967680,cdumberelldi@ucsd.edu
488,Thibaud,Leyland,1972-11-20,M,Fliptune,Legal,31-0671845,tleylanddj@go.com
489,Tandi,Ghio,1980-06-20,F,Jaxbean,Human Resources,34-7493986,tghiodk@yelp.com
490,Omar,Meiklam,1976-01-11,M,Quatz,Sales,29-5620182,omeiklamdl@ocn.ne.jp
491,Shirlee,Kyne,1974-12-28,F,Wikibox,Legal,24-1095400,skynedm@icio.us
492,Tyler,Moehle,1982-11-18,M,Meemm,Training,67-3843288,tmoehledn@zimbio.com
493,Klaus,Beartup,1994-10-16,M,Midel,Business Development,26-5183800,kbeartupdo@sun.com
494,Kacey,oldey,1985-02-10,F,Photobug,Sales,77-8414897,koldeydp@barnesandnoble.com
495,Carlota,Archley,1976-02-08,F,Yombu,Legal,67-5188004,carchleydq@posterous.com
496,Sheeree,Palmar,1997-07-18,F,Zooxo,Business Development,91-8705866,spalmardr@prlog.org
497,Isabella,Cheer,1974-01-20,F,Skiba,Product Management,87-2456420,icheerds@phpbb.com
498,Ring,Yaknov,1971-06-11,M,Buzzbean,Engineering,89-6750583,ryaknovdt@lulu.com
499,Paul,Dawtrey,1988-05-08,M,Youtags,Sales,70-6312734,pdawtreydu@nationalgeographic.com
500,Taite,Tolcher,1974-02-20,M,Babbleblab,Sales,97-7239859,ttolcherdv@posterous.com
501,Marget,McDuff,1975-04-19,F,InnoZ,Human Resources,90-1127022,mmcduffdw@wordpress.com
502,Tatiania,Paoloni,1996-08-17,F,Zoomcast,Support,03-9564115,tpaolonidx@networkadvertising.org
503,Auroora,Stendell,1982-10-22,F,Vidoo,Services,58-5815368,astendelldy@ihg.com
504,Shirlee,Kilmaster,1980-06-11,F,Quinu,Marketing,80-7432044,skilmasterdz@flavors.me
505,Nikita,Moylane,1985-05-15,M,Yacero,Marketing,14-9368559,nmoylanee0@over-blog.com
506,Nichole,Treweek,1988-06-30,F,Vitz,Research and Development,42-1721666,ntreweeke1@parallels.com
507,Arin,Ledes,1981-09-26,M,Wikizz,Legal,42-8313699,aledese2@alexa.com
508,Anabel,Yegorchenkov,1999-04-07,F,Eayo,Research and Development,81-2757943,ayegorchenkove3@symantec.com
509,Bernardine,Goodin,1988-11-09,F,Voonix,Training,24-0680740,bgoodine4@boston.com
510,Helga,Warrior,1979-03-04,F,Browsecat,Services,88-0916195,hwarriore5@infoseek.co.jp
511,Roxy,Yeardley,1997-05-21,F,Fivechat,Sales,92-1846145,ryeardleye6@discovery.com
512,Bennie,Petworth,1984-08-31,M,Meevee,Research and Development,58-8718302,bpetworthe7@squidoo.com
513,Wilbert,Horley,1987-06-30,M,Reallinks,Product Management,71-9121697,whorleye8@noaa.gov
514,Merridie,Ceccoli,1991-09-06,F,Voomm,Training,14-9220519,mceccolie9@springer.com
515,Dex,Kaplin,1998-09-29,M,Linkbuzz,Training,42-6695424,dkaplinea@tmall.com
516,Corina,Hardwin,1992-11-14,F,Centizu,Engineering,33-5211098,chardwineb@histats.com
517,Greg,Ellerton,1981-06-16,M,Yozio,Marketing,68-5923535,gellertonec@hexun.com
518,Greer,Gyenes,1983-07-08,F,Youfeed,Engineering,96-7641881,ggyenesed@sitemeter.com
519,Vladamir,Degoey,1987-09-15,M,Minyx,Engineering,44-6022269,vdegoeyee@multiply.com
520,Christan,Kovelmann,1993-02-15,F,Snaptags,Legal,12-4637327,ckovelmannef@ibm.com
521,Irena,Hazart,1973-03-14,F,Skyba,Support,15-8975394,ihazarteg@hud.gov
522,Binnie,Brandacci,1987-09-23,F,Buzzster,Engineering,95-3518483,bbrandaccieh@technorati.com
523,Ira,Serle,1982-02-20,M,Quamba,Support,82-7041251,iserleei@foxnews.com
524,John,Crolla,1970-10-14,M,Twitterworks,Human Resources,43-1817411,jcrollaej@sphinn.com
525,Paulie,Loftin,1985-10-12,M,Divape,Engineering,26-9674212,ploftinek@gmpg.org
526,Clayton,Guillerman,1984-03-07,M,Bluezoom,Human Resources,58-1339441,cguillermanel@cornell.edu
527,Filberte,Goad,1979-10-09,M,Miboo,Research and Development,75-6318925,fgoadem@biglobe.ne.jp
528,Jemmy,Gatland,1977-09-27,F,Photobean,Services,25-1504137,jgatlanden@mayoclinic.com
529,Mercedes,Marcome,2000-06-05,F,Twinte,Legal,11-3081328,mmarcomeeo@mayoclinic.com
530,Marylinda,Blaszczak,1977-07-05,F,Gabtype,Support,16-5732973,mblaszczakep@gizmodo.com
531,Milka,Braizier,1995-12-21,F,Brightdog,Product Management,42-5682228,mbraiziereq@simplemachines.org
532,Branden,Riddlesden,1998-06-28,M,Camido,Human Resources,00-8919066,briddlesdener@fastcompany.com
533,Jozef,Dyer,1970-05-07,M,Kayveo,Services,32-7523780,jdyeres@howstuffworks.com
534,Frasier,McCawley,1980-06-03,M,Voonix,Business Development,69-1379956,fmccawleyet@washingtonpost.com
535,Tye,Pyer,1970-10-31,M,Katz,Engineering,76-7557229,tpyereu@theatlantic.com
536,Moyna,Channing,1983-06-23,F,Browsetype,Accounting,43-6816511,mchanningev@dedecms.com
537,Ansel,Crinage,1999-05-21,M,Oyondu,Training,85-3941680,acrinageew@theguardian.com
538,Feodor,Petheridge,1983-03-21,M,Oyope,Sales,71-2525415,fpetheridgeex@ning.com
539,Alfy,Corker,1982-10-20,M,Gigazoom,Business Development,90-5641071,acorkerey@businessinsider.com
540,Borg,Clelle,1983-01-03,M,Chatterpoint,Marketing,23-8870709,bclelleez@wiley.com
541,Ludvig,Killingsworth,1981-12-28,M,Yakitri,Sales,80-7862520,lkillingsworthf0@dedecms.com
542,Aylmar,Mortlock,1997-01-30,M,Realbuzz,Sales,79-5920088,amortlockf1@intel.com
543,Kennie,Kesterton,1995-05-26,M,Dynabox,Research and Development,57-8277835,kkestertonf2@loc.gov
544,Herby,Haskett,1973-12-23,M,Kimia,Training,00-3793205,hhaskettf3@usda.gov
545,Jon,Swaden,1978-09-25,M,Gigaclub,Accounting,01-3230227,jswadenf4@squarespace.com
546,Rex,Forshaw,1982-10-22,M,Brainverse,Sales,19-7463285,rforshawf5@icio.us
547,Saunder,Dawdary,2001-12-06,M,Photobug,Services,64-7978077,sdawdaryf6@biblegateway.com
548,Kori,Tabourin,1995-06-27,F,Roombo,Engineering,28-3066093,ktabourinf7@sbwire.com
549,Kylie,Leachman,1972-11-28,M,Gabtype,Product Management,58-5475023,kleachmanf8@vimeo.com
550,Koren,MacGruer,1976-05-26,F,Zoozzy,Training,49-9830313,kmacgruerf9@cbsnews.com
551,Ave,Horder,1982-07-13,M,Shufflebeat,Product Management,06-4488560,ahorderfa@surveymonkey.com
552,Kathi,Ceccoli,2000-08-26,F,Riffpedia,Training,90-0795035,kceccolifb@youtube.com
553,Sutherland,Wheal,1999-01-06,M,Devpoint,Sales,78-9322416,swhealfc@ucoz.ru
554,Esma,Geist,1975-12-25,F,Jazzy,Services,65-6427499,egeistfd@pcworld.com
555,Franklyn,Hunstone,1984-05-05,M,Eadel,Product Management,35-7192873,fhunstonefe@printfriendly.com
556,Thebault,Bendel,1996-08-03,M,Devify,Training,34-4210838,tbendelff@foxnews.com
557,Anne,Berthomieu,1989-01-23,F,Mynte,Product Management,25-8134785,aberthomieufg@discuz.net
558,Bertrando,Weekland,1975-09-03,M,Innotype,Legal,03-1656900,bweeklandfh@paypal.com
559,Faina,Mattisson,1983-01-20,F,Plajo,Sales,83-0355047,fmattissonfi@tumblr.com
560,Ardis,Nestoruk,1995-02-23,F,Voomm,Sales,79-3904335,anestorukfj@theguardian.com
561,Rosana,Menure,1994-07-14,F,Yombu,Product Management,22-5658070,rmenurefk@sfgate.com
562,Tulley,Wem,1997-10-02,M,Youspan,Business Development,40-2005896,twemfl@nydailynews.com
563,Trudy,Byars,1995-08-25,F,Aibox,Services,27-3191888,tbyarsfm@sciencedirect.com
564,Barbi,Polino,1990-05-02,F,Vimbo,Support,06-2047824,bpolinofn@ow.ly
565,Merrie,Hatfield,1992-01-03,F,Muxo,Services,88-2763104,mhatfieldfo@freewebs.com
566,Riccardo,Alp,1989-02-19,M,Skibox,Engineering,97-4995226,ralpfp@sina.com.cn
567,Sunshine,Moorey,1980-03-09,F,Kazio,Engineering,84-4050189,smooreyfq@google.com.hk
568,Valeria,Harrild,1978-02-06,F,Feednation,Support,55-8549346,vharrildfr@google.it
569,Coleman,Ridd,1977-08-30,M,Reallinks,Sales,61-6864006,criddfs@biblegateway.com
570,Wynnie,Akerman,1994-03-28,F,Ailane,Business Development,43-5347468,wakermanft@yellowbook.com
571,Zerk,Larrad,1987-06-28,M,BlogXS,Business Development,60-4672159,zlarradfu@cornell.edu
572,Aleen,Snoddy,1990-08-27,F,Topiczoom,Training,65-5732344,asnoddyfv@artisteer.com
573,Tansy,Gardener,1972-05-03,F,Skimia,Engineering,80-9733701,tgardenerfw@bravesites.com
574,Lana,Manvell,1984-09-09,F,Tanoodle,Research and Development,54-7677517,lmanvellfx@google.de
575,Elle,Petrazzi,1995-11-04,F,Zava,Training,59-7212599,epetrazzify@cargocollective.com
576,Ryon,Trickey,1981-05-26,M,Meembee,Support,07-1015117,rtrickeyfz@disqus.com
577,Alvera,Antonazzi,1985-05-24,F,Yozio,Human Resources,60-8808742,aantonazzig0@nytimes.com
578,Traver,Constant,1995-01-26,M,Meevee,Engineering,63-6404238,tconstantg1@ning.com
579,Albert,Lorraway,1980-11-26,M,Buzzster,Support,37-2500056,alorrawayg2@seesaa.net
580,Jude,Borgnet,1974-12-13,M,Tagfeed,Business Development,91-1861423,jborgnetg3@mediafire.com
581,Bee,Masselin,1991-05-13,F,Flipopia,Human Resources,87-9114810,bmasseling4@ow.ly
582,Devi,Bransby,1979-01-02,F,Katz,Engineering,71-4779635,dbransbyg5@amazon.com
583,Hanni,Bleyman,1992-03-23,F,Gigaclub,Engineering,23-5582732,hbleymang6@surveymonkey.com
584,Ricoriki,Carvell,1970-12-22,M,Flashspan,Support,90-8935297,rcarvellg7@soup.io
585,Annis,Pluthero,1971-02-10,F,Jayo,Legal,32-5465377,aplutherog8@ebay.co.uk
586,Hall,Cahan,1987-08-19,M,Voonder,Services,09-9680320,hcahang9@elpais.com
587,Aubry,Dudny,1974-01-15,F,Twiyo,Sales,09-2194079,adudnyga@oakley.com
588,Hillier,Pickerin,1992-02-27,M,Yodel,Training,26-3787689,hpickeringb@yandex.ru
589,Lavinia,Fadden,1974-11-28,F,Livetube,Accounting,98-3455892,lfaddengc@uiuc.edu
590,Ola,Hardwidge,1998-08-21,F,Browsebug,Services,93-3508620,ohardwidgegd@imageshack.us
591,Genevra,Laviss,1990-04-07,F,Quinu,Support,56-0496623,glavissge@sohu.com
592,Andrey,MacKilroe,1974-02-02,M,Leexo,Engineering,25-1803411,amackilroegf@google.ca
593,Donelle,Ritmeyer,1995-06-18,F,Zoovu,Support,01-5281021,dritmeyergg@aol.com
594,Karrah,Orrey,1992-01-16,F,Zoombeat,Training,46-1059484,korreygh@uol.com.br
595,George,Morot,1976-06-02,M,Wordtune,Legal,28-8556441,gmorotgi@mlb.com
596,Merwyn,Cammidge,1977-06-09,M,Avaveo,Accounting,59-8827439,mcammidgegj@shareasale.com
597,Jerrylee,Bubbear,1990-04-06,F,Jaxnation,Engineering,67-6025413,jbubbeargk@last.fm
598,Shani,Belsham,1993-07-26,F,Devbug,Product Management,36-8596904,sbelshamgl@boston.com
599,Elsy,Nickoll,1976-08-17,F,Gabtype,Training,56-8329366,enickollgm@canalblog.com
600,Jeanna,Rubinowitch,1985-03-18,F,Yombu,Training,35-2918016,jrubinowitchgn@moonfruit.com
601,Orly,Paolozzi,1980-06-23,F,Yakidoo,Human Resources,16-6454589,opaolozzigo@hatena.ne.jp
602,Jacquetta,Touhig,1985-09-10,F,Vitz,Engineering,81-6047181,jtouhiggp@wikipedia.org
603,Lolly,Dovington,1974-11-02,F,Edgeify,Product Management,35-4737564,ldovingtongq@issuu.com
604,Judie,Bridgman,1998-03-16,F,Riffwire,Research and Development,79-0959753,jbridgmangr@technorati.com
605,Farrell,Kline,1990-03-27,M,Skyba,Engineering,59-8419644,fklinegs@e-recht24.de
606,Abby,Dimitresco,1973-08-25,M,Riffwire,Engineering,93-4435877,adimitrescogt@cnbc.com
607,Timothee,Czyz,1992-04-28,M,Tambee,Human Resources,01-7146900,tczyzgu@sbwire.com
608,Ailyn,Catchpole,1973-04-04,F,Photofeed,Human Resources,17-2499895,acatchpolegv@discuz.net
609,Levin,Stears,1989-02-05,M,Mymm,Business Development,29-0122767,lstearsgw@godaddy.com
610,Letti,Hawkswood,1996-10-09,F,Skiba,Research and Development,15-0403746,lhawkswoodgx@sourceforge.net
611,Rene,Espadas,1986-03-16,M,Eabox,Business Development,94-7140487,respadasgy@360.cn
612,Alla,Autie,1984-08-26,F,Jaloo,Marketing,53-7108868,aautiegz@bandcamp.com
613,Diego,Cutmare,1988-10-10,M,Meembee,Business Development,59-7041248,dcutmareh0@toplist.cz
614,Bathsheba,Phelps,1993-05-10,F,Digitube,Accounting,75-7191521,bphelpsh1@twitter.com
615,Addison,Engelbrecht,1978-09-29,M,Jamia,Human Resources,79-1783788,aengelbrechth2@japanpost.jp
616,Elijah,Mailes,1974-03-12,M,Thoughtstorm,Product Management,77-1676465,emailesh3@netscape.com
617,Erik,Ghiotto,1990-03-30,M,Eidel,Legal,84-5334303,eghiottoh4@alexa.com
618,Ransell,Vear,1995-11-23,M,Zoomcast,Legal,70-3111437,rvearh5@last.fm
619,Zared,Harpin,1988-01-12,M,Reallinks,Marketing,64-1656744,zharpinh6@marketwatch.com
620,Rik,Grzelczak,1991-09-08,M,Blogpad,Services,78-7479844,rgrzelczakh7@ted.com
621,Blondy,Stuffins,1976-03-11,F,Topicblab,Research and Development,68-9432260,bstuffinsh8@google.nl
622,Lorraine,Clousley,1973-08-05,F,Aimbu,Legal,22-4413054,lclousleyh9@blogtalkradio.com
623,Polly,Cracoe,1991-11-04,F,Twitterwire,Services,30-0716133,pcracoeha@loc.gov
624,Leela,McCreagh,1996-10-06,F,Browsedrive,Marketing,36-6968141,lmccreaghhb@nbcnews.com
625,Marlon,Crasswell,1978-12-31,M,Blogtag,Services,89-9479338,mcrasswellhc@apple.com
626,Davie,Fockes,1978-05-04,M,Tagopia,Research and Development,93-4722942,dfockeshd@soundcloud.com
627,Lorenzo,Wichard,1977-12-15,M,Gigazoom,Legal,43-6511094,lwichardhe@scientificamerican.com
628,Alexi,Foston,1988-03-24,F,Feedspan,Human Resources,50-6119873,afostonhf@bizjournals.com
629,Vasilis,Sayre,1997-08-06,M,Skajo,Training,53-4675523,vsayrehg@nps.gov
630,Andree,Alekseicik,1988-11-15,F,Linktype,Training,51-0873399,aalekseicikhh@ow.ly
631,Yolanthe,Palfreyman,1975-08-28,F,Fadeo,Legal,17-6957875,ypalfreymanhi@bloglines.com
632,Elva,Biggans,1981-07-22,F,Tagtune,Research and Development,58-9782197,ebigganshj@yelp.com
633,Jessamyn,Bigly,1993-03-13,F,Twinte,Product Management,66-7998960,jbiglyhk@rambler.ru
634,Edan,Fencott,1985-09-27,M,Zooveo,Marketing,13-8962327,efencotthl@prlog.org
635,Inglebert,Mariyushkin,1970-04-10,M,Rhyloo,Human Resources,85-3542535,imariyushkinhm@mail.ru
636,Shoshanna,Culligan,1972-12-07,F,Chatterbridge,Services,04-4046493,sculliganhn@state.tx.us
637,Haily,Jeffcock,1986-02-23,F,Tanoodle,Accounting,60-2067037,hjeffcockho@ning.com
638,Chauncey,Farndon,2000-11-06,M,Aivee,Human Resources,43-7496015,cfarndonhp@usnews.com
639,Agnola,Bridgwood,1978-12-24,F,Quamba,Training,83-3616323,abridgwoodhq@businessinsider.com
640,Lonnie,Bilby,1977-03-03,M,Trilia,Legal,56-7084288,lbilbyhr@flickr.com
641,Goldie,Ronchka,1976-02-02,F,Tagfeed,Support,74-8229321,gronchkahs@paginegialle.it
642,Nicky,Tesoe,1978-05-06,M,Einti,Marketing,58-1559741,ntesoeht@ustream.tv
643,Atlanta,Whyborn,1975-03-04,F,Bubbletube,Sales,60-3168169,awhybornhu@cdbaby.com
644,Frankie,Ellesworthe,1970-06-18,M,Skalith,Accounting,70-1593857,fellesworthehv@columbia.edu
645,Ashlan,Bentote,1998-11-17,F,Skinder,Services,26-1469420,abentotehw@deviantart.com
646,Shamus,Lankham,1975-12-27,M,Edgeclub,Engineering,13-4102959,slankhamhx@lulu.com
647,Chrysler,Schurig,1980-06-05,F,Gabtune,Human Resources,95-1138545,cschurighy@whitehouse.gov
648,Jillene,Merrilees,1998-05-04,F,Gabcube,Accounting,22-9927131,jmerrileeshz@cdc.gov
649,Sharon,Rickeard,1975-01-23,F,Mydeo,Legal,77-4453275,srickeardi0@businesswire.com
650,Trescha,Batalle,1986-09-17,F,Feednation,Business Development,63-8483648,tbatallei1@ezinearticles.com
651,Almeda,Dible,1980-03-17,F,Yata,Research and Development,47-8859134,adiblei2@godaddy.com
652,Zandra,McGucken,1988-04-26,F,Divape,Services,49-5332328,zmcguckeni3@dailymotion.com
653,Bertram,Grayshan,2001-08-02,M,Yodoo,Support,14-0935427,bgrayshani4@webmd.com
654,Sherm,Snaden,1994-10-14,M,Trunyx,Engineering,32-6030271,ssnadeni5@drupal.org
655,Stewart,Wainscot,1976-12-06,M,Mydeo,Business Development,12-2419891,swainscoti6@booking.com
656,Gillie,Bohler,1971-09-20,F,Bluezoom,Support,73-6326218,gbohleri7@purevolume.com
657,Linn,Enos,1998-01-14,M,Dazzlesphere,Engineering,40-8810103,lenosi8@miibeian.gov.cn
658,Blane,Lauritsen,1972-09-23,M,Brightbean,Accounting,13-2979279,blauritseni9@wunderground.com
659,Francisca,Maase,1996-02-26,F,Divanoodle,Human Resources,01-4477436,fmaaseia@house.gov
660,Inger,Jupp,1979-11-05,M,Eimbee,Legal,97-9884309,ijuppib@craigslist.org
661,Camey,Dundendale,1982-12-08,M,Tagfeed,Business Development,98-5614156,cdundendaleic@sourceforge.net
662,Hermine,Grigorey,1997-02-16,F,Oyope,Business Development,00-2194015,hgrigoreyid@irs.gov
663,Ronnica,Eskriett,1990-04-04,F,Fivespan,Legal,81-5941528,reskriettie@woothemes.com
664,Kellina,MacFadden,1989-08-09,F,Zoozzy,Marketing,96-5603745,kmacfaddenif@spotify.com
665,Rice,Desorts,1977-12-28,M,Rhyloo,Training,69-1143859,rdesortsig@theguardian.com
666,Patsy,Platfoot,1982-05-17,M,Skyble,Training,57-4200600,pplatfootih@ucla.edu
667,Dexter,Roast,1985-09-13,M,Topicshots,Product Management,06-0535880,droastii@ameblo.jp
668,Carlos,Abramsky,1992-06-04,M,Mydeo,Legal,74-7124131,cabramskyij@baidu.com
669,Jess,Di Matteo,1990-11-19,F,InnoZ,Services,12-3790942,jdimatteoik@ning.com
670,Winny,Duke,2000-12-17,F,Tazzy,Sales,60-6853922,wdukeil@weibo.com
671,Anny,Dainter,1984-11-03,F,Zazio,Product Management,75-3247401,adainterim@ebay.co.uk
672,Wynn,Guard,1980-03-13,M,Yakitri,Sales,23-0708748,wguardin@ca.gov
673,Sib,Blunsum,1971-11-19,F,Yacero,Human Resources,23-3490683,sblunsumio@hostgator.com
674,Byran,Seagrove,1996-02-16,M,Innotype,Marketing,98-5005462,bseagroveip@census.gov
675,Farrel,Udell,1992-08-23,M,Yakitri,Legal,36-6390137,fudelliq@biblegateway.com
676,Erie,Attac,1995-12-18,M,Yacero,Services,39-3218750,eattacir@mail.ru
677,Enoch,Sainthill,1992-03-04,M,Topicshots,Accounting,77-4237998,esainthillis@opera.com
678,Javier,Dirkin,1979-04-10,M,Wordpedia,Business Development,83-2386323,jdirkinit@sohu.com
679,Laural,Haigh,1985-01-20,F,Voonte,Accounting,17-6381390,lhaighiu@bluehost.com
680,Julius,Ferro,1999-11-27,M,Meezzy,Research and Development,06-0914473,jferroiv@google.com.hk
681,Annissa,Champ,1997-07-15,F,Zoonder,Services,75-2246475,achampiw@exblog.jp
682,Nathalia,Rachuig,1977-07-17,F,Bluezoom,Research and Development,05-1908231,nrachuigix@usda.gov
683,Zerk,Gerasch,1986-10-11,M,Riffpedia,Training,54-1556315,zgeraschiy@cbslocal.com
684,Thacher,Kennington,1974-01-04,M,Zooveo,Product Management,74-4637706,tkenningtoniz@go.com
685,Beckie,Pember,1993-01-06,F,Trunyx,Engineering,31-3434584,bpemberj0@time.com
686,Bebe,Nias,1981-06-13,F,Topicware,Marketing,68-4487065,bniasj1@diigo.com
687,Coleman,Cappell,1984-01-31,M,Midel,Human Resources,52-8116641,ccappellj2@foxnews.com
688,Jammal,Helleker,1990-04-06,M,Brainlounge,Product Management,01-7366007,jhellekerj3@creativecommons.org
689,Farrell,Bawles,1992-02-19,M,Kimia,Human Resources,97-5371243,fbawlesj4@businessweek.com
690,Jerome,Ludy,1987-09-19,M,Mynte,Sales,58-7597735,jludyj5@imdb.com
691,Stormi,Belhome,1993-12-22,F,Tagtune,Training,10-6171067,sbelhomej6@about.com
692,Law,Barkworth,1998-11-18,M,Youfeed,Engineering,37-7543415,lbarkworthj7@yale.edu
693,Farica,Borgnet,1980-02-20,F,Wordify,Accounting,35-3413071,fborgnetj8@jalbum.net
694,Bryant,Eliot,1999-03-30,M,Dynabox,Legal,71-0689120,beliotj9@abc.net.au
695,Wilbur,Center,1994-10-18,M,Browsezoom,Marketing,45-3949810,wcenterja@dailymotion.com
696,Fairfax,Thornewill,1990-10-26,M,Skalith,Legal,09-2237768,fthornewilljb@weibo.com
697,Johnathan,Henker,1996-08-26,M,Topicshots,Human Resources,84-3835547,jhenkerjc@printfriendly.com
698,Muire,Grain,1994-08-07,F,Plajo,Human Resources,80-3717375,mgrainjd@webs.com
699,George,Turneaux,1974-01-07,M,Zoonder,Product Management,32-1335191,gturneauxje@craigslist.org
700,Nicol,Ormistone,1987-01-20,F,Wikibox,Engineering,55-6583472,normistonejf@nature.com
701,Grenville,Lovell,1976-10-25,M,Jayo,Accounting,08-4690824,glovelljg@cam.ac.uk
702,Cathie,Canniffe,1972-09-22,F,Babbleopia,Legal,20-6627589,ccanniffejh@slate.com
703,Jared,Bartolomeotti,1974-03-31,M,Podcat,Accounting,70-8814832,jbartolomeottiji@cbslocal.com
704,Cori,Meas,1979-10-05,M,Jabbercube,Product Management,86-4443089,cmeasjj@behance.net
705,Pascale,Hinrichsen,1981-07-28,M,Plajo,Training,86-2081798,phinrichsenjk@auda.org.au
706,Northrup,Heiton,1995-10-13,M,Zoombox,Marketing,34-5908918,nheitonjl@over-blog.com
707,Nerti,Jacobs,1998-12-10,F,Dynazzy,Engineering,74-6122735,njacobsjm@ovh.net
708,Micah,Corr,1984-10-30,M,Trudoo,Human Resources,59-3652928,mcorrjn@timesonline.co.uk
709,Thornton,Fleischer,2001-03-14,M,Babbleopia,Services,48-2443556,tfleischerjo@ebay.co.uk
710,Bettine,Laws,1979-03-09,F,Skynoodle,Marketing,00-4737890,blawsjp@netscape.com
711,Boonie,Seven,1973-11-04,M,Thoughtworks,Services,81-8776147,bsevenjq@printfriendly.com
712,Ive,Varsey,1998-09-20,M,Thoughtblab,Training,33-4550619,ivarseyjr@engadget.com
713,Sadie,Norker,1984-07-04,F,Kazu,Research and Development,76-2759622,snorkerjs@toplist.cz
714,Mari,Coleby,1983-07-24,F,Tagpad,Legal,63-0021421,mcolebyjt@omniture.com
715,Heall,Fawke,1984-12-08,M,Vipe,Marketing,91-2466835,hfawkeju@plala.or.jp
716,Gusti,Childerley,1988-07-13,F,Chatterpoint,Business Development,88-9289702,gchilderleyjv@vinaora.com
717,Jessie,Danniell,1996-03-22,F,Realbridge,Marketing,21-2036928,jdannielljw@cbslocal.com
718,Zaria,Middlehurst,1979-02-11,F,Skyble,Accounting,15-0862018,zmiddlehurstjx@archive.org
719,Gertruda,Poulsen,1974-09-08,F,Wikido,Human Resources,60-7938752,gpoulsenjy@princeton.edu
720,Karlens,Godehard.sf,1984-10-28,M,Twimm,Legal,00-3261077,kgodehardsfjz@de.vu
721,Harald,Seivertsen,1987-05-07,M,Tambee,Training,84-6668884,hseivertsenk0@cbsnews.com
722,Marlon,Weatherell,1979-12-19,M,Flipopia,Services,83-1623682,mweatherellk1@webmd.com
723,Perceval,Tippler,1987-11-14,M,Abatz,Human Resources,55-4444286,ptipplerk2@chron.com
724,Darda,Rutty,1996-09-13,F,Tazzy,Legal,59-3614440,druttyk3@prlog.org
725,Melli,Gainforth,1989-06-19,F,Twitterwire,Sales,56-7237410,mgainforthk4@shareasale.com
726,Aliza,Freke,2000-07-18,F,Skyba,Legal,79-5750808,afrekek5@ning.com
727,Kippie,Houtby,1980-05-18,M,Yozio,Business Development,01-0581273,khoutbyk6@usa.gov
728,Morna,Pursglove,1994-03-28,F,Thoughtworks,Marketing,39-6318058,mpursglovek7@so-net.ne.jp
729,Megan,Threadgould,1992-02-24,F,Brainbox,Legal,44-8913404,mthreadgouldk8@epa.gov
730,Fitz,Allinson,1971-12-17,M,Divavu,Engineering,02-4971691,fallinsonk9@nature.com
731,Wilbert,Klee,1979-10-09,M,Skyndu,Support,12-7670775,wkleeka@alibaba.com
732,Devora,Borgnol,1980-07-08,F,Quire,Services,40-0082211,dborgnolkb@businessinsider.com
733,Licha,Danter,1979-05-24,F,Fivespan,Legal,80-3491695,ldanterkc@newsvine.com
734,Tobey,Hardey,1986-05-04,F,Edgewire,Accounting,17-0125932,thardeykd@wunderground.com
735,Jolie,Morffew,1992-03-14,F,Jayo,Research and Development,82-4601459,jmorffewke@goo.ne.jp
736,Susannah,Eaden,2000-04-22,F,Topicshots,Marketing,35-2772896,seadenkf@nhs.uk
737,Arte,Blesli,1972-11-05,M,Demimbu,Marketing,41-7843328,ableslikg@ycombinator.com
738,Vivyan,Sigart,1996-05-02,F,Edgeclub,Support,70-4981431,vsigartkh@marketwatch.com
739,Pacorro,Aubrey,1972-01-07,M,Abatz,Support,17-8573230,paubreyki@nih.gov
740,Nerita,Shinn,1972-02-09,F,Trilith,Marketing,41-8309747,nshinnkj@cnbc.com
741,Toma,Gianelli,1979-07-19,F,Gevee,Research and Development,54-9305185,tgianellikk@ovh.net
742,Elbertina,Cohalan,1972-03-19,F,Jaxworks,Support,24-6510597,ecohalankl@photobucket.com
743,Clo,Deverick,1985-11-07,F,Layo,Research and Development,35-8216174,cdeverickkm@is.gd
744,Carmella,Welham,1997-08-02,F,Ozu,Training,24-1576425,cwelhamkn@columbia.edu
745,Georges,Karchowski,1985-03-01,M,Voolia,Marketing,76-4499950,gkarchowskiko@nymag.com
746,Gwenny,Prowse,1984-02-02,F,Demivee,Research and Development,36-7666574,gprowsekp@latimes.com
747,Diandra,Bolle,1970-07-18,F,Voomm,Research and Development,45-5095663,dbollekq@themeforest.net
748,Janice,Brogiotti,1976-10-06,F,Yozio,Engineering,90-1768755,jbrogiottikr@hhs.gov
749,Eugenio,Januszewicz,1996-08-02,M,Jetpulse,Engineering,49-9746501,ejanuszewiczks@wsj.com
750,Wayne,Ryan,1989-02-28,M,Cogidoo,Support,83-2706209,wryankt@ezinearticles.com
751,Sigismond,Zannini,1979-12-17,M,Skilith,Support,85-8158604,szanniniku@redcross.org
752,Brear,Ramelet,2000-11-15,F,Leenti,Marketing,88-9364098,brameletkv@artisteer.com
753,Orlan,Bonnick,1996-01-18,M,Edgeify,Engineering,17-8094624,obonnickkw@instagram.com
754,Bron,Patmore,1986-10-25,M,Divavu,Legal,13-4477747,bpatmorekx@vk.com
755,Ynez,Jennings,1972-06-16,F,Tagchat,Accounting,73-7389272,yjenningsky@shareasale.com
756,Gail,de Courcy,1977-04-27,M,Oba,Human Resources,76-6284898,gdecourcykz@reuters.com
757,Kleon,Wealleans,1992-01-19,M,Mynte,Accounting,29-4914301,kwealleansl0@youku.com
758,Gisella,Arpur,1971-08-07,F,Rhyloo,Human Resources,31-9755004,garpurl1@angelfire.com
759,Aurore,Jonsson,1999-03-23,F,Skinder,Sales,49-9986020,ajonssonl2@bizjournals.com
760,Billie,Videler,1972-10-30,F,Yadel,Support,60-8733733,bvidelerl3@statcounter.com
761,Neddie,McGown,1984-10-20,M,Myworks,Research and Development,72-5068590,nmcgownl4@biglobe.ne.jp
762,Friedrick,Briggdale,1984-04-30,M,Photospace,Training,57-5110122,fbriggdalel5@shareasale.com
763,Merrill,Groome,1977-01-06,M,Kanoodle,Product Management,78-4621021,mgroomel6@chicagotribune.com
764,Morris,Howatt,1988-02-13,M,Aivee,Human Resources,94-6307274,mhowattl7@ning.com
765,Cassey,Fawdery,1999-10-11,F,Edgeify,Engineering,69-2489190,cfawderyl8@issuu.com
766,Pen,Gurling,1996-10-06,F,Photobug,Business Development,26-6063413,pgurlingl9@hostgator.com
767,Paolina,Halford,1990-11-17,F,Quatz,Accounting,37-9694496,phalfordla@mapquest.com
768,Leelah,Denington,1972-01-27,F,Browsecat,Product Management,98-8447017,ldeningtonlb@odnoklassniki.ru
769,Ellis,Caught,1973-03-26,M,Rhynoodle,Accounting,75-9001101,ecaughtlc@arstechnica.com
770,Sherilyn,Schuck,1971-11-04,F,Plambee,Training,39-4738729,sschuckld@g.co
771,Winn,Trenbay,1975-08-23,M,Latz,Business Development,64-6969170,wtrenbayle@yolasite.com
772,Damian,Shallo,1984-05-08,M,Kanoodle,Support,14-7068804,dshallolf@amazonaws.com
773,Javier,Leverentz,1998-02-07,M,Realbridge,Business Development,83-5388002,jleverentzlg@redcross.org
774,Mattie,Aujean,1996-08-21,F,Zoonder,Research and Development,28-5694642,maujeanlh@youtu.be
775,Dino,Klimentyev,1977-07-30,M,Mynte,Legal,83-2332517,dklimentyevli@clickbank.net
776,Elnar,Mapam,1974-05-11,M,Zoonder,Engineering,02-6979242,emapamlj@fda.gov
777,Row,Burrill,1987-05-29,F,Latz,Business Development,04-5689486,rburrilllk@w3.org
778,Dave,Dagg,1985-05-13,M,Camimbo,Human Resources,21-1339909,ddaggll@hatena.ne.jp
779,Marie-jeanne,Zellmer,1972-08-29,F,Twitterworks,Business Development,84-4277868,mzellmerlm@cbsnews.com
780,Hannis,Georgeot,1987-04-21,F,DabZ,Training,90-6734571,hgeorgeotln@ezinearticles.com
781,Kali,McIlvenna,1974-06-05,F,Trilith,Engineering,75-1741225,kmcilvennalo@goo.ne.jp
782,Valentijn,Coult,1974-07-16,M,Browseblab,Training,83-0793338,vcoultlp@stanford.edu
783,Roldan,Hischke,1985-09-08,M,Devpulse,Product Management,16-3373925,rhischkelq@symantec.com
784,Royal,Quinnelly,2000-02-02,M,Quatz,Services,20-7741604,rquinnellylr@vistaprint.com
785,Ahmed,Allright,1995-02-04,M,Twitterbeat,Legal,57-7134443,aallrightls@zimbio.com
786,Gussy,Syson,1984-05-29,F,Jamia,Sales,04-0180558,gsysonlt@chron.com
787,Gherardo,Cawthron,1979-05-28,M,Npath,Legal,90-8612354,gcawthronlu@meetup.com
788,Red,McBratney,2001-02-20,M,Vidoo,Product Management,98-9644516,rmcbratneylv@microsoft.com
789,Siobhan,Crisall,1985-03-14,F,Browsecat,Marketing,10-4235155,scrisalllw@reuters.com
790,Jacqui,Schoenfisch,1993-06-25,F,Rhynoodle,Business Development,37-6063806,jschoenfischlx@lulu.com
791,Loralee,Flawn,1995-11-14,F,Babbleset,Human Resources,16-5485572,lflawnly@msn.com
792,Boyd,Nutbrown,1976-02-12,M,Oyoyo,Engineering,99-8430621,bnutbrownlz@bbb.org
793,Jacobo,Lenin,1973-02-13,M,Mudo,Human Resources,37-4695036,jleninm0@t.co
794,Bran,Lukasik,1975-01-23,M,Eare,Business Development,50-8441814,blukasikm1@a8.net
795,Heriberto,Stanborough,1978-04-22,M,Npath,Legal,50-2249775,hstanboroughm2@vimeo.com
796,Jillane,Coleford,1988-09-20,F,Buzzshare,Product Management,79-2073536,jcolefordm3@arstechnica.com
797,Traver,Sylvaine,1997-05-06,M,Cogibox,Support,02-3956527,tsylvainem4@dyndns.org
798,Sarge,Thirtle,1993-07-05,M,Gabspot,Legal,95-1491792,sthirtlem5@va.gov
799,Antonina,Polo,1979-08-21,F,Jetwire,Product Management,23-5985721,apolom6@ca.gov
800,Shepperd,Chanson,1991-03-16,M,Youtags,Research and Development,35-8786042,schansonm7@gizmodo.com
801,Celinka,Bortolussi,1974-07-11,F,Yabox,Training,01-1486747,cbortolussim8@yolasite.com
802,Ruby,Birtles,1978-01-17,M,Mynte,Business Development,31-8531299,rbirtlesm9@imageshack.us
803,Emmaline,Bignold,1973-09-23,F,Quinu,Services,21-8011352,ebignoldma@yolasite.com
804,Homerus,Rivard,1980-10-14,M,Reallinks,Legal,28-9052522,hrivardmb@wiley.com
805,Carly,Korneev,1995-08-28,M,Lajo,Research and Development,42-9598598,ckorneevmc@usnews.com
806,Laney,Asquith,1978-11-21,F,Centimia,Sales,47-4535116,lasquithmd@devhub.com
807,Mike,Ellingford,1972-09-12,M,Photobean,Services,32-3170208,mellingfordme@cloudflare.com
808,Hannis,McMickan,1991-04-10,F,Skalith,Legal,08-9553437,hmcmickanmf@networkadvertising.org
809,Chiarra,Coweuppe,1989-07-26,F,Feednation,Sales,25-3326795,ccoweuppemg@digg.com
810,Bogart,Bricksey,1986-09-27,M,Jabberbean,Training,27-7591627,bbrickseymh@ucsd.edu
811,Giraud,Moyse,1993-12-15,M,Abata,Support,71-2640379,gmoysemi@ca.gov
812,Lacie,Pentecost,1993-09-27,F,Youfeed,Sales,18-7286193,lpentecostmj@biglobe.ne.jp
813,Evanne,Morten,1978-01-31,F,Camimbo,Support,93-7012468,emortenmk@sina.com.cn
814,Bren,Menego,1980-05-05,F,Tekfly,Marketing,94-6405697,bmenegoml@myspace.com
815,Sammie,Filyushkin,1992-05-30,M,Latz,Human Resources,01-1123916,sfilyushkinmm@psu.edu
816,Sheeree,Hallagan,2001-01-25,F,Cogidoo,Sales,31-4797578,shallaganmn@twitter.com
817,Flynn,Scurr,1982-04-20,M,Skyble,Engineering,92-3046484,fscurrmo@zimbio.com
818,Perry,McAreavey,1985-07-21,M,Zoombeat,Services,70-9886185,pmcareaveymp@ox.ac.uk
819,Janella,Colloby,1983-04-01,F,Twitternation,Product Management,27-6166825,jcollobymq@oracle.com
820,Car,Bautiste,1992-01-04,M,Oba,Engineering,77-9534844,cbautistemr@acquirethisname.com
821,Hobard,Dodds,1995-01-07,M,Zoomcast,Services,98-4206174,hdoddsms@dell.com
822,Wittie,Heady,1974-01-19,M,Flashset,Research and Development,26-0701998,wheadymt@zdnet.com
823,Modestia,Frisby,1973-08-13,F,Skynoodle,Engineering,42-0767747,mfrisbymu@sourceforge.net
824,Hildegaard,Spivey,1985-05-23,F,Abatz,Product Management,71-2045826,hspiveymv@statcounter.com
825,Emmalynne,Beardon,1990-07-23,F,Voomm,Services,20-8180255,ebeardonmw@fotki.com
826,Brod,Funnell,1996-02-10,M,InnoZ,Training,42-8795453,bfunnellmx@mac.com
827,Fania,Corneil,1985-12-20,F,Viva,Accounting,82-6750159,fcorneilmy@sitemeter.com
828,Katleen,Hardway,1986-10-01,F,Flipopia,Marketing,30-4125945,khardwaymz@aboutads.info
829,Torrin,Burdoun,1991-03-08,M,Mybuzz,Support,40-3640421,tburdounn0@go.com
830,Kasper,Giovani,1975-06-30,M,Dabfeed,Training,25-0943505,kgiovanin1@parallels.com
831,Ramonda,Genge,1997-11-06,F,Twitterbridge,Human Resources,62-5802386,rgengen2@lycos.com
832,Haily,Pressnell,1975-04-25,F,Yakidoo,Legal,58-1646142,hpressnelln3@reddit.com
833,Zora,Ivshin,1985-11-13,F,Dabfeed,Human Resources,02-4603949,zivshinn4@comcast.net
834,Jonathan,Diggins,1993-12-11,M,Cogibox,Marketing,57-8401917,jdigginsn5@craigslist.org
835,Goldarina,Brodley,1974-12-08,F,Thoughtbridge,Training,45-7318521,gbrodleyn6@nps.gov
836,Virgilio,Leftridge,1989-01-02,M,Fiveclub,Engineering,64-4769440,vleftridgen7@theglobeandmail.com
837,Algernon,Asplin,1977-12-05,M,Meedoo,Business Development,81-0940133,aasplinn8@linkedin.com
838,Bogart,Urry,1980-10-15,M,Voonyx,Training,22-6653398,burryn9@redcross.org
839,Kippie,Frankum,1996-09-24,M,Kimia,Product Management,82-9539583,kfrankumna@alexa.com
840,Shelagh,Ingree,1970-12-18,F,Centizu,Research and Development,36-8865944,singreenb@arizona.edu
841,Carly,Bolens,1975-08-26,M,Bubbletube,Training,68-2650139,cbolensnc@oracle.com
842,Carol,Rays,1971-09-29,F,Jamia,Legal,64-7493870,craysnd@earthlink.net
843,Madelle,Sheeres,2000-07-20,F,Centizu,Sales,98-6421935,msheeresne@usgs.gov
844,Brigham,Channer,1976-12-18,M,Pixope,Support,65-5866434,bchannernf@google.fr
845,Noah,Mirralls,1973-06-02,M,Oyoba,Accounting,65-5506715,nmirrallsng@merriam-webster.com
846,Cilka,Coppard,2000-07-19,F,Skyble,Sales,72-0427265,ccoppardnh@ed.gov
847,King,Czajka,1998-02-03,M,Miboo,Product Management,74-2561484,kczajkani@disqus.com
848,Caresse,McAneny,1997-03-21,F,Meevee,Product Management,81-5227896,cmcanenynj@liveinternet.ru
849,Libby,Townsley,1996-03-06,F,Skipstorm,Support,23-1433372,ltownsleynk@cmu.edu
850,Audrye,Close,1984-01-12,F,Aibox,Accounting,37-4940546,aclosenl@is.gd
851,Jacklin,Camelia,1989-11-06,F,Riffpath,Marketing,87-4362895,jcamelianm@github.io
852,Hall,Shirrell,1979-07-16,M,Zoomlounge,Sales,29-4823587,hshirrellnn@marriott.com
853,Morton,Joyner,1993-03-06,M,Vitz,Engineering,56-8780764,mjoynerno@techcrunch.com
854,Martainn,Foulis,1982-09-19,M,Snaptags,Marketing,79-6052002,mfoulisnp@ocn.ne.jp
855,Aidan,Gloucester,1992-07-14,F,Jayo,Legal,68-6850204,agloucesternq@ucoz.ru
856,Quinlan,Van der Baaren,1973-02-14,M,Dynava,Research and Development,47-0645967,qvanderbaarennr@ucsd.edu
857,Gigi,Brownsall,1985-11-23,F,Muxo,Research and Development,89-9704405,gbrownsallns@over-blog.com
858,Marj,Aughtie,1979-05-11,F,Blogspan,Support,69-2225996,maughtient@ehow.com
859,Rhiamon,Knevett,1991-02-22,F,Mynte,Accounting,13-2448651,rknevettnu@surveymonkey.com
860,Lea,Christou,2000-08-26,F,Wikibox,Sales,83-6506800,lchristounv@tripod.com
861,Berton,Celez,1988-07-23,M,Trilith,Accounting,53-2027394,bceleznw@deliciousdays.com
862,Dreddy,de Merida,2000-02-03,F,Eabox,Marketing,10-4093095,ddemeridanx@behance.net
863,Ber,Alps,1991-04-06,M,Flipstorm,Services,96-2777915,balpsny@acquirethisname.com
864,Alistair,Bosdet,2001-02-09,M,Abatz,Legal,24-0836130,abosdetnz@uiuc.edu
865,Eudora,Parsisson,1989-02-12,F,Topicware,Marketing,15-3307155,eparsissono0@arizona.edu
866,Laraine,Peterken,1997-11-02,F,Babblestorm,Sales,99-6697229,lpeterkeno1@phpbb.com
867,Heinrick,Daymont,1999-11-20,M,Devpulse,Accounting,87-3428343,hdaymonto2@usa.gov
868,Garwin,Birtchnell,2001-06-07,M,Latz,Human Resources,41-6756193,gbirtchnello3@netscape.com
869,Gale,Middle,1989-03-30,F,Izio,Accounting,86-7860319,gmiddleo4@i2i.jp
870,Sheelah,Calladine,1975-04-11,F,Twiyo,Business Development,29-4178021,scalladineo5@istockphoto.com
871,Josiah,Leipnik,1995-05-29,M,Oodoo,Research and Development,34-4781269,jleipniko6@noaa.gov
872,Christabel,Coules,1997-02-12,F,Photobean,Product Management,77-5678208,ccouleso7@zdnet.com
873,Erl,Rudsdale,1985-07-03,M,Twimm,Research and Development,98-4894866,erudsdaleo8@gov.uk
874,Angie,Mishow,1989-07-14,F,Gevee,Research and Development,32-9104787,amishowo9@disqus.com
875,Nerty,Dorian,1988-08-21,F,Yodo,Services,97-1747258,ndorianoa@sciencedaily.com
876,Bryana,Jerdan,1988-12-22,F,Devpoint,Product Management,15-6032044,bjerdanob@loc.gov
877,Lindy,Temlett,1984-05-23,F,Brainverse,Legal,70-6864857,ltemlettoc@ucla.edu
878,Lon,Heningham,1983-11-07,M,Oyoloo,Legal,08-4281735,lheninghamod@un.org
879,Dione,Carnie,1997-07-05,F,Topdrive,Product Management,40-0176898,dcarnieoe@123-reg.co.uk
880,Pascal,Smaile,1990-03-26,M,Kanoodle,Research and Development,21-8765762,psmaileof@usatoday.com
881,Gaspard,Bartolomeotti,1979-06-01,M,Eare,Support,91-1552064,gbartolomeottiog@sbwire.com
882,Erick,Pile,2001-07-02,M,Plambee,Research and Development,06-8308792,epileoh@imageshack.us
883,Fowler,Deeks,1991-12-25,M,Realcube,Research and Development,78-9233638,fdeeksoi@mail.ru
884,Isac,Coultard,1994-09-29,M,Skimia,Product Management,19-2451932,icoultardoj@studiopress.com
885,Jeremiah,Giovannoni,1983-03-24,M,Kare,Business Development,10-2680128,jgiovannoniok@skype.com
886,Bernardina,Ronca,1983-03-22,F,Feedmix,Training,03-4355347,broncaol@1688.com
887,Brear,Scawton,1989-04-05,F,Roodel,Legal,37-4148699,bscawtonom@washington.edu
888,Rice,Gethins,1973-04-30,M,Jaxbean,Engineering,41-3783013,rgethinson@vistaprint.com
889,Zachery,Titcombe,1976-08-19,M,Kimia,Engineering,30-1589668,ztitcombeoo@oaic.gov.au
890,Dave,Stuehmeier,1988-05-12,M,Gabspot,Marketing,67-1120547,dstuehmeierop@xrea.com
891,Vaclav,Sandham,1982-07-16,M,Brainbox,Engineering,33-5460228,vsandhamoq@gov.uk
892,Jaime,Gwyer,1970-09-11,M,Jabbercube,Product Management,06-6210086,jgwyeror@delicious.com
893,Sunny,Foxworthy,1979-04-26,M,Pixonyx,Human Resources,63-2236588,sfoxworthyos@diigo.com
894,Lemuel,Palumbo,1990-11-03,M,Roomm,Services,55-7596667,lpalumboot@ted.com
895,Urban,Farleigh,1983-08-21,M,Pixope,Human Resources,21-6493849,ufarleighou@issuu.com
896,Clemens,Lovejoy,1982-01-13,M,Linkbuzz,Engineering,61-4554274,clovejoyov@fda.gov
897,Russ,Dewbury,1979-06-24,M,Eabox,Training,04-3612384,rdewburyow@wisc.edu
898,Alex,Effaunt,1974-09-17,M,Wikizz,Research and Development,00-4895786,aeffauntox@discovery.com
899,Ardath,Alennikov,1989-08-09,F,Gabtune,Accounting,55-8150694,aalennikovoy@fc2.com
900,Dode,Gaffon,2001-08-17,F,Edgeify,Product Management,18-0481094,dgaffonoz@thetimes.co.uk
901,Riobard,Grayne,1988-05-19,M,Eidel,Sales,46-2331719,rgraynep0@drupal.org
902,Ruben,Whimp,1990-06-19,M,Eamia,Services,58-5389271,rwhimpp1@sbwire.com
903,Alister,Kliemke,1996-07-06,M,Wordtune,Legal,28-8071898,akliemkep2@alexa.com
904,Jeremias,O' Byrne,1975-03-31,M,Mudo,Legal,68-9924295,jobyrnep3@360.cn
905,Wendel,Preddle,1996-12-17,M,Quatz,Services,87-8230826,wpreddlep4@spotify.com
906,Lev,Ivashintsov,1996-03-13,M,Plajo,Engineering,84-2590553,livashintsovp5@prweb.com
907,Toddy,McIlrath,1980-08-23,M,Miboo,Research and Development,39-5495484,tmcilrathp6@blinklist.com
908,Chelsy,Tasker,1987-03-04,F,Buzzster,Training,14-4084041,ctaskerp7@tripod.com
909,Virginie,Tompion,1979-06-05,F,Quatz,Accounting,88-1719054,vtompionp8@ow.ly
910,Micky,Zellmer,1983-12-06,F,Zoonoodle,Product Management,13-4038788,mzellmerp9@census.gov
911,Sally,Standidge,1981-08-18,F,Edgetag,Legal,33-6448659,sstandidgepa@technorati.com
912,Knox,Wiffield,1996-02-15,M,Linkbridge,Research and Development,28-5998344,kwiffieldpb@opensource.org
913,Abra,Fawks,1971-12-28,F,Avaveo,Sales,02-9092577,afawkspc@theatlantic.com
914,Verena,Meachan,1977-07-13,F,Podcat,Engineering,14-4563708,vmeachanpd@networksolutions.com
915,Kelley,Mitchenson,1971-06-09,F,Ozu,Services,05-9596226,kmitchensonpe@list-manage.com
916,Ossie,Baytrop,1979-11-15,M,Photobean,Product Management,38-6496729,obaytroppf@google.ca
917,Layla,Menichillo,1972-04-23,F,BlogXS,Business Development,78-9226134,lmenichillopg@example.com
918,Evelyn,Thomelin,1991-04-28,F,Twitterlist,Training,25-7006624,ethomelinph@sakura.ne.jp
919,Jesselyn,Rydings,1993-11-23,F,Flipopia,Support,35-4941864,jrydingspi@themeforest.net
920,Ofilia,Croyser,2000-03-30,F,Yodoo,Human Resources,25-7997500,ocroyserpj@quantcast.com
921,Tuesday,Hungerford,1972-09-03,F,Topicstorm,Engineering,27-5939940,thungerfordpk@mit.edu
922,Jose,Schankelborg,1975-12-13,M,Dabvine,Accounting,61-6214227,jschankelborgpl@tripod.com
923,Marcel,Rudloff,2001-11-21,M,Gigashots,Human Resources,56-1850957,mrudloffpm@icq.com
924,Hermy,Colloby,1975-06-09,M,Oodoo,Services,15-7235388,hcollobypn@sfgate.com
925,Rex,Blazey,1970-09-26,M,Tagpad,Marketing,90-1929055,rblazeypo@ifeng.com
926,Erastus,Underwood,1981-03-23,M,Plajo,Research and Development,27-9227113,eunderwoodpp@businesswire.com
927,Tonia,Broxholme,1999-03-12,F,Gigazoom,Engineering,56-7901701,tbroxholmepq@hao123.com
928,Merrili,Bingell,1997-05-02,F,Zoonoodle,Accounting,20-8709289,mbingellpr@icq.com
929,Kaylyn,Woolley,1974-12-30,F,Twitterbeat,Product Management,09-9230548,kwoolleyps@wp.com
930,Hi,Henfre,1974-11-03,M,LiveZ,Sales,01-7116810,hhenfrept@cbsnews.com
931,Micaela,Stean,1979-01-16,F,Eire,Training,49-4692489,msteanpu@ftc.gov
932,Maxy,Kinze,1989-04-15,F,Centizu,Research and Development,12-7319004,mkinzepv@seattletimes.com
933,Gabbey,Perton,1995-03-22,F,Bluejam,Research and Development,94-6863912,gpertonpw@scribd.com
934,Alexi,Raulston,1973-03-25,F,Buzzdog,Research and Development,32-7743805,araulstonpx@printfriendly.com
935,Mollie,Mattingley,1972-03-07,F,Vinder,Human Resources,34-9514322,mmattingleypy@google.co.jp
936,Elene,Agent,1971-06-15,F,Mycat,Legal,82-7192608,eagentpz@sbwire.com
937,Vasilis,Laviste,1985-04-19,M,Twimbo,Product Management,92-5599920,vlavisteq0@sun.com
938,Eduino,Pere,1970-09-08,M,BlogXS,Training,67-3276106,epereq1@uol.com.br
939,Ameline,Gjerde,1991-11-20,F,Ooba,Business Development,97-3895335,agjerdeq2@house.gov
940,Dannie,Bossingham,1972-01-09,F,Youfeed,Product Management,94-2208422,dbossinghamq3@bloglines.com
941,Johnny,Rillatt,1984-04-11,M,Reallinks,Business Development,52-6784386,jrillattq4@blogspot.com
942,Carson,Yarnell,1973-10-18,M,Chatterpoint,Research and Development,38-5856083,cyarnellq5@cpanel.net
943,Stevana,Haggerty,1974-03-20,F,Realpoint,Accounting,32-9579699,shaggertyq6@sourceforge.net
944,Joellen,Bisatt,1994-05-08,F,Muxo,Research and Development,74-4309445,jbisattq7@ebay.com
945,Dyan,Slader,1977-10-24,F,Thoughtstorm,Support,32-1033930,dsladerq8@google.co.jp
946,Monte,Barnhill,1995-11-19,M,Eidel,Services,10-8915076,mbarnhillq9@dyndns.org
947,Benedikt,Quinton,1997-01-15,M,Eidel,Business Development,82-4882061,bquintonqa@123-reg.co.uk
948,Matthew,Kanwell,1983-06-10,M,Mycat,Legal,42-4032546,mkanwellqb@tumblr.com
949,Waneta,Greber,1971-07-24,F,Yombu,Marketing,28-1210958,wgreberqc@amazon.com
950,Evan,Kanwell,1998-04-06,M,Skyble,Research and Development,49-2278273,ekanwellqd@people.com.cn
951,Eliza,Pearse,1972-02-11,F,Skilith,Services,51-9212752,epearseqe@census.gov
952,Even,Dows,1995-06-13,M,Eabox,Product Management,12-0919655,edowsqf@geocities.com
953,Lily,Barkway,1992-05-12,F,Twimm,Business Development,21-9963435,lbarkwayqg@comcast.net
954,Nikaniki,Battell,2000-05-12,F,Shuffletag,Engineering,67-4213449,nbattellqh@irs.gov
955,Gardener,Kuzma,1999-07-22,M,Youspan,Services,89-7073737,gkuzmaqi@arstechnica.com
956,Elfrieda,Elsy,2000-06-23,F,Brainsphere,Product Management,14-9928147,eelsyqj@msn.com
957,Franzen,Nineham,1971-04-27,M,Youbridge,Business Development,42-1027403,fninehamqk@flavors.me
958,Ashby,Penvarne,1979-02-03,M,Skyvu,Support,37-8056023,apenvarneql@networksolutions.com
959,Callean,MacNaughton,2000-03-26,M,Twimm,Marketing,70-9205965,cmacnaughtonqm@tumblr.com
960,Cornela,Boone,1981-01-13,F,Eadel,Human Resources,06-9567173,cbooneqn@wisc.edu
961,Robby,Hardinge,1973-09-29,M,Mynte,Engineering,54-1029048,rhardingeqo@indiegogo.com
962,Bette,Graham,1983-09-12,F,Kanoodle,Marketing,12-5885743,bgrahamqp@cyberchimps.com
963,Ambur,Rozalski,1983-07-12,F,Gabtune,Sales,15-8549105,arozalskiqq@nasa.gov
964,Isa,Quinell,1971-07-30,M,Trupe,Training,39-1262036,iquinellqr@apache.org
965,Janot,Haskett,1980-05-08,F,Janyx,Accounting,61-1176800,jhaskettqs@tinyurl.com
966,Talyah,Izod,1979-11-11,F,Linkbridge,Research and Development,71-9840254,tizodqt@domainmarket.com
967,Joseito,Slayton,1984-04-03,M,Browsebug,Accounting,32-7471517,jslaytonqu@4shared.com
968,Xenos,Iddens,1974-06-11,M,Aimbo,Accounting,75-0106827,xiddensqv@alibaba.com
969,Bald,Joderli,1985-12-05,M,Rhycero,Marketing,61-4614058,bjoderliqw@123-reg.co.uk
970,Deva,Moyers,1992-05-13,F,Babbleopia,Product Management,37-1385244,dmoyersqx@hugedomains.com
971,Sheryl,Dearle,1995-04-27,F,Jetpulse,Marketing,21-9433219,sdearleqy@aol.com
972,Aurea,Prozillo,1985-05-13,F,Centidel,Research and Development,62-5354418,aprozilloqz@utexas.edu
973,Clarinda,Singh,1997-03-14,F,Layo,Support,32-6846535,csinghr0@posterous.com
974,Renata,Fehners,1998-05-10,F,Flashpoint,Engineering,19-1227811,rfehnersr1@tamu.edu
975,Fayina,Cowern,1987-03-27,F,Thoughtblab,Accounting,42-0630317,fcowernr2@cloudflare.com
976,Sherri,Devers,1973-03-30,F,Realfire,Services,47-4066618,sdeversr3@yelp.com
977,Horton,Pinckney,1971-02-27,M,Skaboo,Services,88-9079903,hpinckneyr4@howstuffworks.com
978,Harriette,Kerslake,1976-12-06,F,Quinu,Engineering,44-5762983,hkerslaker5@foxnews.com
979,Tildy,Botfield,1980-06-05,F,Buzzdog,Services,63-0624536,tbotfieldr6@discovery.com
980,Cindie,Gommery,1980-02-04,F,Twinte,Training,91-6034048,cgommeryr7@360.cn
981,Austen,Wheatcroft,1993-06-15,M,Quire,Product Management,93-4598195,awheatcroftr8@51.la
982,Galven,Stanners,1980-04-17,M,Fliptune,Marketing,29-3439885,gstannersr9@uol.com.br
983,Ulrike,Linbohm,1992-04-22,F,Skiptube,Product Management,85-2754610,ulinbohmra@yellowbook.com
984,Leonard,Bish,2001-08-19,M,Fivespan,Product Management,31-2452253,lbishrb@pinterest.com
985,Rosina,Mynett,1977-11-03,F,Skidoo,Business Development,39-8951112,rmynettrc@drupal.org
986,Jory,Bareford,1977-11-21,M,Innojam,Sales,24-5620691,jbarefordrd@dmoz.org
987,Natalie,Jefford,1991-07-08,F,Tagtune,Research and Development,48-1158569,njeffordre@t-online.de
988,Pammy,Whorall,1987-11-14,F,Linklinks,Marketing,88-4574808,pwhorallrf@si.edu
989,Ichabod,Goldby,1983-03-04,M,Fadeo,Research and Development,11-8605333,igoldbyrg@sohu.com
990,Nadiya,Bartaletti,1982-11-12,F,Gevee,Research and Development,75-2299273,nbartalettirh@answers.com
991,Dur,Sharply,1982-07-26,M,Teklist,Business Development,51-1698843,dsharplyri@freewebs.com
992,Dorothea,Stoile,1975-02-12,F,Skiba,Services,28-8171606,dstoilerj@godaddy.com
993,Foss,Dyet,1999-09-22,M,Jabberbean,Human Resources,16-2258631,fdyetrk@smh.com.au
994,Porter,Laverty,1986-02-27,M,Topicware,Support,23-2505954,plavertyrl@purevolume.com
995,Markos,Minchinden,1971-05-19,M,Abatz,Marketing,56-9933196,mminchindenrm@virginia.edu
996,Erl,Micallef,1970-01-22,M,Roombo,Support,22-4509551,emicallefrn@phoca.cz
997,Mart,Halegarth,1989-02-24,M,Feednation,Accounting,05-4592012,mhalegarthro@uiuc.edu
998,Beverley,Cud,1983-07-05,F,Voonix,Business Development,27-4031586,bcudrp@parallels.com
999,Gabey,Dunphy,1990-01-28,F,Dynava,Engineering,77-9622068,gdunphyrq@mlb.com
1000,Celinka,Pawelec,1989-05-23,F,Midel,Marketing,01-4226344,cpawelecrr@cpanel.net
